label,mode,fault,lag_s,offset,truePeak,trueHighS,trueEmergencyS,onWhileTrueHighS,fwHigh,fwEmergency,latencyHighS,e115S,e104S,sensorLostS,unsafeCommandTicks,heaterOnAfterFaultS,sensorErrMax,overshoot,mae,verdict
heavy_d30/disconnect120s,SMART_THERMAL,disconnect,10.0000,0.0000,37.5673,0.0000,0.0000,0.0000,0,0,-1.0000,-1.0000,-1.0000,5400.0000,0,1064.4000,0.1471,0.0673,0.0206,SAFE_UNDER_FAULT
heavy_d30/drift_low_0.5Cph,SMART_THERMAL,drift_low,10.0000,0.0000,38.2671,551.9000,0.0000,115.5000,0,0,-1.0000,-1.0000,-1.0000,-1.0000,0,1161.3000,0.7669,0.7671,0.6599,UNDETECTED_TRUE_VIOLATION
heavy_d30/drift_low_2Cph,SMART_THERMAL,drift_low,10.0000,0.0000,40.5519,4043.6000,2465.0000,1112.7000,0,0,-1.0000,-1.0000,-1.0000,-1.0000,0,1462.5000,3.0509,3.0519,2.5404,UNDETECTED_TRUE_VIOLATION
heavy_d30/frozen_value,SMART_THERMAL,frozen_value,10.0000,0.0000,52.5673,4731.1000,4282.7000,2756.3000,0,0,-1.0000,-1.0000,-1.0000,-1.0000,0,2969.3000,15.1596,15.0673,11.7017,UNDETECTED_TRUE_VIOLATION
heavy_d30/nofault_lag0,SMART_THERMAL,none,0.0000,0.0000,37.5691,0.0000,0.0000,0.0000,0,0,-1.0000,-1.0000,-1.0000,-1.0000,0,0.0000,0.0500,0.0691,0.0403,OK
heavy_d30/nofault_lag10,SMART_THERMAL,none,10.0000,0.0000,37.5718,0.0000,0.0000,0.0000,0,0,-1.0000,-1.0000,-1.0000,-1.0000,0,0.0000,0.1471,0.0718,0.0377,OK
heavy_d30/nofault_lag30,SMART_THERMAL,none,30.0000,0.0000,37.5834,0.0000,0.0000,0.0000,0,0,-1.0000,-1.0000,-1.0000,-1.0000,0,0.0000,0.3311,0.0834,0.2002,OK
heavy_d30/nofault_lag60,SMART_THERMAL,none,60.0000,0.0000,37.5754,0.0000,0.0000,0.0000,0,0,-1.0000,-1.0000,-1.0000,-1.0000,0,0.0000,0.5702,0.0754,0.0810,OK
heavy_d30/offset_neg0.5,SMART_THERMAL,none,10.0000,-0.5000,37.8809,0.0000,0.0000,0.0000,0,0,-1.0000,-1.0000,-1.0000,-1.0000,0,0.0000,0.1471,0.3809,0.3526,OK
heavy_d30/spike_plus3,SMART_THERMAL,spike,10.0000,0.0000,37.4922,0.0000,0.0000,0.0000,1,1,-1.0000,-1.0000,-1.0000,-1.0000,0,981.4000,2.9609,-0.0078,0.9002,SAFE_UNDER_FAULT
heavy_d30/ssr_and_contactor_stuck,SMART_THERMAL,ssr_contactor_stuck,10.0000,0.0000,69.8200,5270.8000,5169.6000,5270.8000,1,1,5.8000,-1.0000,-1.0000,-1.0000,0,5400.0000,0.1471,32.3200,28.0812,ACTUATOR_UNSTOPPABLE_BY_FIRMWARE
heavy_d30/ssr_stuck_on,SMART_THERMAL,ssr_stuck_on,10.0000,0.0000,38.5267,2543.2000,0.0000,70.4000,12,0,5.8000,-1.0000,-1.0000,-1.0000,0,1180.0000,0.1471,1.0267,0.6808,TRUE_VIOLATION_DETECTED_LATE
heavy_d30/stuck_high_40.0,SMART_THERMAL,stuck_high,10.0000,0.0000,37.4922,0.0000,0.0000,0.0000,1,1,-1.0000,-1.0000,-1.0000,-1.0000,0,0.0000,10.4407,-0.0078,6.9060,SAFE_UNDER_FAULT
heavy_d30/stuck_low_30.0,SMART_THERMAL,stuck_low,10.0000,0.0000,43.8955,3181.2000,2697.6000,712.6000,0,0,-1.0000,6536.5000,6644.0000,-1.0000,0,900.6000,13.8953,6.3955,1.1532,TRUE_VIOLATION_STOPPED_LATE_BY_E115_E104
heavy_d30/stuck_low_36.5,SMART_THERMAL,stuck_low,10.0000,0.0000,44.1542,3352.0000,2855.8000,761.6000,0,0,-1.0000,6388.3000,6620.0000,-1.0000,0,900.6000,7.6542,6.6542,1.2123,TRUE_VIOLATION_STOPPED_LATE_BY_E115_E104
light_d15/disconnect120s,SMART_THERMAL,disconnect,10.0000,0.0000,37.5896,0.0000,0.0000,0.0000,0,0,-1.0000,-1.0000,-1.0000,5400.0000,0,1048.5000,0.8838,0.0896,0.0319,SAFE_UNDER_FAULT
light_d15/drift_low_0.5Cph,SMART_THERMAL,drift_low,10.0000,0.0000,38.3220,493.3000,0.0000,99.2000,0,0,-1.0000,-1.0000,-1.0000,-1.0000,0,1093.8000,0.8838,0.8220,0.6344,UNDETECTED_TRUE_VIOLATION
light_d15/drift_low_2Cph,SMART_THERMAL,drift_low,10.0000,0.0000,40.5588,4155.7000,2694.4000,931.0000,0,0,-1.0000,-1.0000,-1.0000,-1.0000,0,1188.9000,3.0558,3.0588,2.5086,UNDETECTED_TRUE_VIOLATION
light_d15/frozen_value,SMART_THERMAL,frozen_value,10.0000,0.0000,38.8582,4611.7000,0.0000,978.8000,0,0,-1.0000,-1.0000,-1.0000,-1.0000,0,1144.5000,1.3581,1.3582,1.3455,UNDETECTED_TRUE_VIOLATION
light_d15/nofault_lag0,SMART_THERMAL,none,0.0000,0.0000,37.5715,0.0000,0.0000,0.0000,0,0,-1.0000,-1.0000,-1.0000,-1.0000,0,0.0000,0.0500,0.0715,0.0329,OK
light_d15/nofault_lag10,SMART_THERMAL,none,10.0000,0.0000,37.5896,0.0000,0.0000,0.0000,0,0,-1.0000,-1.0000,-1.0000,-1.0000,0,0.0000,0.8838,0.0896,0.0442,OK
light_d15/nofault_lag30,SMART_THERMAL,none,30.0000,0.0000,37.6227,0.0000,0.0000,0.0000,0,0,-1.0000,-1.0000,-1.0000,-1.0000,0,0.0000,2.4013,0.1227,0.0763,OK
light_d15/nofault_lag60,SMART_THERMAL,none,60.0000,0.0000,37.0415,0.0000,0.0000,0.0000,0,0,-1.0000,5676.2000,-1.0000,-1.0000,0,0.0000,4.1611,-0.4585,17.2120,FALSE_TRIP_NO_FAULT
light_d15/offset_neg0.5,SMART_THERMAL,none,10.0000,-0.5000,37.9704,0.0000,0.0000,0.0000,0,0,-1.0000,-1.0000,-1.0000,-1.0000,0,0.0000,0.8838,0.4704,0.4110,OK
light_d15/spike_plus3,SMART_THERMAL,spike,10.0000,0.0000,37.5896,0.0000,0.0000,0.0000,1,1,-1.0000,-1.0000,-1.0000,-1.0000,0,1061.4000,2.9449,0.0896,0.0225,SAFE_UNDER_FAULT
light_d15/ssr_and_contactor_stuck,SMART_THERMAL,ssr_contactor_stuck,10.0000,0.0000,108.5594,5369.3000,5357.0000,5369.3000,1,1,8.3000,-1.0000,-1.0000,-1.0000,0,5400.0000,0.8838,71.0594,70.4640,ACTUATOR_UNSTOPPABLE_BY_FIRMWARE
light_d15/ssr_stuck_on,SMART_THERMAL,ssr_stuck_on,10.0000,0.0000,40.2142,3593.5000,2263.9000,243.8000,25,25,8.3000,-1.0000,-1.0000,-1.0000,0,1167.0000,0.8838,2.7142,1.2912,TRUE_VIOLATION_DETECTED_LATE
light_d15/stuck_high_40.0,SMART_THERMAL,stuck_high,10.0000,0.0000,37.5896,0.0000,0.0000,0.0000,1,1,-1.0000,-1.0000,-1.0000,-1.0000,0,0.0000,19.9186,0.0896,17.2721,SAFE_UNDER_FAULT
light_d15/stuck_low_30.0,SMART_THERMAL,stuck_low,10.0000,0.0000,77.6999,2234.6000,2123.0000,840.3000,0,0,-1.0000,6536.5000,6642.0000,-1.0000,0,900.6000,47.6963,40.1999,15.1604,TRUE_VIOLATION_STOPPED_LATE_BY_E115_E104
light_d15/stuck_low_36.5,SMART_THERMAL,stuck_low,10.0000,0.0000,47.7777,1632.7000,1529.6000,425.5000,0,0,-1.0000,-1.0000,6657.0000,-1.0000,0,450.6000,16.0473,10.2777,16.2319,TRUE_VIOLATION_STOPPED_LATE_BY_E115_E104
medium_d15/disconnect120s,SMART_THERMAL,disconnect,10.0000,0.0000,37.5780,0.0000,0.0000,0.0000,0,0,-1.0000,-1.0000,-1.0000,5400.0000,0,1055.4000,0.3059,0.0780,0.0136,SAFE_UNDER_FAULT
medium_d15/drift_low_0.5Cph,SMART_THERMAL,drift_low,10.0000,0.0000,38.2960,630.2000,0.0000,133.2000,0,0,-1.0000,-1.0000,-1.0000,-1.0000,0,1115.4000,0.7956,0.7960,0.6425,UNDETECTED_TRUE_VIOLATION
medium_d15/drift_low_2Cph,SMART_THERMAL,drift_low,10.0000,0.0000,40.4670,4197.4000,2687.4000,998.1000,0,0,-1.0000,-1.0000,-1.0000,-1.0000,0,1265.4000,2.9661,2.9670,2.4947,UNDETECTED_TRUE_VIOLATION
medium_d15/frozen_value,SMART_THERMAL,frozen_value,10.0000,0.0000,37.5715,0.0000,0.0000,0.0000,0,0,-1.0000,-1.0000,-1.0000,-1.0000,0,1065.3000,0.3059,0.0715,0.0370,SAFE_UNDER_FAULT
medium_d15/nofault_lag0,SMART_THERMAL,none,0.0000,0.0000,37.5636,0.0000,0.0000,0.0000,0,0,-1.0000,-1.0000,-1.0000,-1.0000,0,0.0000,0.0500,0.0636,0.0356,OK
medium_d15/nofault_lag10,SMART_THERMAL,none,10.0000,0.0000,37.5715,0.0000,0.0000,0.0000,0,0,-1.0000,-1.0000,-1.0000,-1.0000,0,0.0000,0.3059,0.0715,0.0370,OK
medium_d15/nofault_lag30,SMART_THERMAL,none,30.0000,0.0000,37.5211,0.0000,0.0000,0.0000,0,0,-1.0000,-1.0000,-1.0000,-1.0000,0,0.0000,0.8069,0.0211,0.0608,OK
medium_d15/nofault_lag60,SMART_THERMAL,none,60.0000,0.0000,37.5746,0.0000,0.0000,0.0000,0,0,-1.0000,-1.0000,-1.0000,-1.0000,0,0.0000,1.4066,0.0746,0.0683,OK
medium_d15/offset_neg0.5,SMART_THERMAL,none,10.0000,-0.5000,37.9679,0.0000,0.0000,0.0000,0,0,-1.0000,-1.0000,-1.0000,-1.0000,0,0.0000,0.3059,0.4679,0.4174,OK
medium_d15/spike_plus3,SMART_THERMAL,spike,10.0000,0.0000,37.5766,0.0000,0.0000,0.0000,1,1,-1.0000,-1.0000,-1.0000,-1.0000,0,1063.9000,2.9707,0.0766,0.0229,SAFE_UNDER_FAULT
medium_d15/ssr_and_contactor_stuck,SMART_THERMAL,ssr_contactor_stuck,10.0000,0.0000,94.6699,5345.7000,5307.7000,5345.7000,1,1,8.7000,-1.0000,-1.0000,-1.0000,0,5400.0000,0.3059,57.1699,52.5330,ACTUATOR_UNSTOPPABLE_BY_FIRMWARE
medium_d15/ssr_stuck_on,SMART_THERMAL,ssr_stuck_on,10.0000,0.0000,38.8048,3045.3000,0.0000,178.8000,20,0,8.7000,-1.0000,-1.0000,-1.0000,0,1152.0000,0.3059,1.3048,0.7681,TRUE_VIOLATION_DETECTED_LATE
medium_d15/stuck_high_40.0,SMART_THERMAL,stuck_high,10.0000,0.0000,37.5715,0.0000,0.0000,0.0000,1,1,-1.0000,-1.0000,-1.0000,-1.0000,0,0.0000,16.5045,0.0715,12.8674,SAFE_UNDER_FAULT
medium_d15/stuck_low_30.0,SMART_THERMAL,stuck_low,10.0000,0.0000,53.3389,2961.2000,2652.2000,812.0000,0,0,-1.0000,6536.5000,6642.0000,-1.0000,0,900.3000,23.3387,15.8389,5.0820,TRUE_VIOLATION_STOPPED_LATE_BY_E115_E104
medium_d15/stuck_low_36.5,SMART_THERMAL,stuck_low,10.0000,0.0000,48.7811,2660.7000,2443.1000,686.9000,0,0,-1.0000,-1.0000,6620.0000,-1.0000,0,744.0000,12.2811,11.2811,6.5171,TRUE_VIOLATION_STOPPED_LATE_BY_E115_E104
medium_d60/disconnect120s,SMART_THERMAL,disconnect,10.0000,0.0000,37.5776,0.0000,0.0000,0.0000,0,0,-1.0000,-1.0000,-1.0000,5400.0000,0,1063.2000,0.3054,0.0776,0.0380,SAFE_UNDER_FAULT
medium_d60/drift_low_0.5Cph,SMART_THERMAL,drift_low,10.0000,0.0000,38.2179,27.2000,0.0000,2.4000,0,0,-1.0000,-1.0000,-1.0000,-1.0000,0,1150.3000,0.7763,0.7179,0.4889,UNDETECTED_TRUE_VIOLATION
medium_d60/drift_low_2Cph,SMART_THERMAL,drift_low,10.0000,0.0000,40.5022,1951.1000,1809.9000,500.4000,0,0,-1.0000,-1.0000,-1.0000,-1.0000,0,1257.0000,3.0047,3.0022,2.3603,UNDETECTED_TRUE_VIOLATION
medium_d60/frozen_value,SMART_THERMAL,frozen_value,10.0000,0.0000,47.4503,2022.7000,1828.5000,461.9000,0,0,-1.0000,-1.0000,6598.0000,-1.0000,0,715.7000,12.1503,9.9503,6.9438,TRUE_VIOLATION_STOPPED_LATE_BY_E115_E104
medium_d60/nofault_lag0,SMART_THERMAL,none,0.0000,0.0000,37.5819,0.0000,0.0000,0.0000,0,0,-1.0000,-1.0000,-1.0000,-1.0000,0,0.0000,0.0500,0.0819,0.0191,OK
medium_d60/nofault_lag10,SMART_THERMAL,none,10.0000,0.0000,37.5577,0.0000,0.0000,0.0000,0,0,-1.0000,-1.0000,-1.0000,-1.0000,0,0.0000,0.3054,0.0577,0.0610,OK
medium_d60/nofault_lag30,SMART_THERMAL,none,30.0000,0.0000,37.5880,0.0000,0.0000,0.0000,0,0,-1.0000,-1.0000,-1.0000,-1.0000,0,0.0000,0.7870,0.0880,0.0402,OK
medium_d60/nofault_lag60,SMART_THERMAL,none,60.0000,0.0000,37.8545,0.0000,0.0000,0.0000,0,0,-1.0000,-1.0000,-1.0000,-1.0000,0,0.0000,1.3895,0.3545,0.0561,OK
medium_d60/offset_neg0.5,SMART_THERMAL,none,10.0000,-0.5000,38.0738,0.0000,0.0000,0.0000,0,0,-1.0000,-1.0000,-1.0000,-1.0000,0,0.0000,0.3054,0.5738,0.5248,OK
medium_d60/spike_plus3,SMART_THERMAL,spike,10.0000,0.0000,37.5763,0.0000,0.0000,0.0000,1,0,-1.0000,-1.0000,-1.0000,-1.0000,0,1084.8000,2.8774,0.0763,0.0349,SAFE_UNDER_FAULT
medium_d60/ssr_and_contactor_stuck,SMART_THERMAL,ssr_contactor_stuck,10.0000,0.0000,94.0843,5211.1000,5173.2000,5211.1000,1,1,10.1000,-1.0000,-1.0000,-1.0000,0,5400.0000,0.3054,56.5843,51.7565,ACTUATOR_UNSTOPPABLE_BY_FIRMWARE
medium_d60/ssr_stuck_on,SMART_THERMAL,ssr_stuck_on,10.0000,0.0000,39.7660,3585.6000,1771.9000,86.9000,10,10,10.1000,-1.0000,-1.0000,-1.0000,0,1204.0000,0.3054,2.2660,1.0865,TRUE_VIOLATION_DETECTED_LATE
medium_d60/stuck_high_40.0,SMART_THERMAL,stuck_high,10.0000,0.0000,35.6381,0.0000,0.0000,0.0000,1,1,-1.0000,-1.0000,-1.0000,-1.0000,0,0.0000,16.8495,-1.8619,13.3247,SAFE_UNDER_FAULT
medium_d60/stuck_low_30.0,SMART_THERMAL,stuck_low,10.0000,0.0000,41.5256,1255.2000,946.3000,250.8000,0,0,-1.0000,-1.0000,6628.0000,-1.0000,0,478.5000,11.5255,4.0256,9.1554,TRUE_VIOLATION_STOPPED_LATE_BY_E115_E104
medium_d60/stuck_low_36.5,SMART_THERMAL,stuck_low,10.0000,0.0000,49.1636,2167.9000,1979.9000,510.1000,0,0,-1.0000,-1.0000,6622.0000,-1.0000,0,781.6000,12.6633,11.6636,6.2004,TRUE_VIOLATION_STOPPED_LATE_BY_E115_E104
