plant,exhaust,schedule,mode,vent_events,drop_events,vent_dev_max,vent_dev_mean,post_vent_overshoot_max,post_vent_overshoot_mean,recovery_s_max,heater_on_s_mean,integral_windup_max,high,emergency,mae_tail,ripple,confidence,vent_confidence,vent_gain_est,vent_gain_true,vent_err_pct,kh_err_pct
light,weak,short_3min,BASELINE_V4,15,15,0.5156,0.3133,0.0000,-0.0793,900.0000,268.4667,18.9327,0,0,0.2778,0.3967,0,0,0.0000,0.0039,nan,nan
light,weak,short_3min,V1_NO_VENT_COORD,15,15,0.2179,0.1213,0.0815,0.0761,0.0000,279.1333,8.3921,0,0,0.0333,0.2324,55,100,0.0030,0.0039,-22.6749,-16.7738
light,weak,short_3min,ADAPTIVE_V1,15,15,0.1771,0.1224,0.0911,0.0822,0.0000,281.0667,0.0000,0,0,0.0345,0.2071,55,100,0.0034,0.0039,-13.4879,-16.7738
light,weak,near_sp,BASELINE_V4,9,8,0.5069,0.4043,0.0000,-0.2001,900.0000,307.6667,19.5882,0,0,0.1728,0.1768,0,0,0.0000,0.0039,nan,nan
light,weak,near_sp,V1_NO_VENT_COORD,9,8,0.3882,0.2553,0.0000,-0.2143,900.0000,308.3333,18.7217,0,0,0.2536,0.2768,38,24,0.0006,0.0039,-84.9264,-66.2500
light,weak,near_sp,ADAPTIVE_V1,9,8,0.5395,0.4006,0.0000,-0.2076,900.0000,313.6667,0.0000,0,0,0.2491,0.2737,38,65,0.0048,0.0039,22.2176,-66.2500
light,medium,long_12min,BASELINE_V4,8,8,0.7637,0.6517,0.0000,-0.0713,900.0000,679.8750,31.7175,0,0,0.3375,0.7903,0,0,0.0000,0.0117,nan,nan
light,medium,long_12min,V1_NO_VENT_COORD,8,8,0.4699,0.4021,0.1470,0.1204,0.0000,818.8750,16.9012,0,0,0.0696,0.5271,61,32,0.0101,0.0117,-13.2396,0.0807
light,medium,long_12min,ADAPTIVE_V1,8,8,0.6010,0.3617,0.0696,0.0404,62.0000,862.7500,0.0000,0,0,0.0817,0.2322,61,68,0.0109,0.0117,-6.2099,0.0807
light,medium,after_stable_hold,BASELINE_V4,8,8,0.7681,0.6210,0.0000,-0.0732,900.0000,341.0000,31.0778,0,0,0.2700,0.7562,0,0,0.0000,0.0117,nan,nan
light,medium,after_stable_hold,V1_NO_VENT_COORD,8,8,0.7588,0.6786,0.0779,0.0696,134.0000,401.6250,2.5232,0,0,0.1298,0.8627,61,100,0.0118,0.0117,1.3468,0.0807
light,medium,after_stable_hold,ADAPTIVE_V1,8,8,0.6130,0.3704,0.0854,0.0579,68.0000,401.1250,0.0000,0,0,0.0593,0.3159,61,56,0.0114,0.0117,-2.1952,0.0807
light,strong,repeated_3min_12cycle,BASELINE_V4,25,0,0.0000,0.0000,0.0000,-1.3627,900.0000,294.1600,34.5141,0,0,2.5892,2.9109,0,0,0.0000,0.0292,nan,nan
light,strong,repeated_3min_12cycle,V1_NO_VENT_COORD,25,0,0.0000,0.0000,0.0000,-1.3296,900.0000,288.9200,39.5190,0,0,2.5683,3.1735,58,100,0.0237,0.0292,-18.8624,-8.5184
light,strong,repeated_3min_12cycle,ADAPTIVE_V1,25,4,1.4547,0.7716,0.0721,-0.9217,900.0000,310.2000,0.0000,0,0,0.3965,2.1543,73,100,0.0256,0.0292,-12.2915,-10.7546
light,strong,fan_effect_x2_midrun,BASELINE_V4,15,15,4.5537,3.4126,0.0000,-0.2058,900.0000,339.8667,55.0611,0,0,1.7283,4.5244,0,0,0.0000,0.0292,nan,nan
light,strong,fan_effect_x2_midrun,V1_NO_VENT_COORD,15,15,2.6509,2.3943,0.0686,0.0082,359.0000,385.3333,37.0900,0,0,0.3395,2.5940,60,32,0.0254,0.0292,-56.3834,-4.3654
light,strong,fan_effect_x2_midrun,ADAPTIVE_V1,15,15,2.7129,2.3221,0.0570,-0.0067,184.0000,387.4667,0.0000,0,0,0.3893,2.6525,68,32,0.0235,0.0292,-59.7784,-9.9218
medium,weak,during_heatup,BASELINE_V4,9,7,0.3872,0.1242,0.0000,-0.3314,900.0000,383.0000,38.5584,0,0,0.3166,0.3205,0,0,0.0000,0.0012,nan,nan
medium,weak,during_heatup,V1_NO_VENT_COORD,9,8,0.1375,0.1172,0.0670,0.0295,900.0000,445.4444,5.0688,0,0,0.0260,0.1501,94,90,0.0012,0.0012,0.5978,-5.6922
medium,weak,during_heatup,ADAPTIVE_V1,9,8,0.1889,0.1629,0.0698,0.0314,900.0000,443.6667,0.0000,0,0,0.0466,0.2242,93,30,0.0009,0.0012,-24.7092,-5.6922
medium,medium,short_3min,BASELINE_V4,15,15,0.5277,0.3602,0.0000,-0.1215,900.0000,314.4667,38.4534,0,0,0.3275,0.4491,0,0,0.0000,0.0035,nan,nan
medium,medium,short_3min,V1_NO_VENT_COORD,15,15,0.3298,0.3079,0.0673,0.0654,35.0000,414.4667,9.7857,0,0,0.0580,0.3454,94,100,0.0029,0.0035,-16.4831,-7.1563
medium,medium,short_3min,ADAPTIVE_V1,15,15,0.1865,0.0662,0.0667,0.0416,12.0000,416.6667,0.0000,0,0,0.0283,0.1283,96,100,0.0033,0.0035,-6.3148,-7.1563
medium,medium,near_sp,BASELINE_V4,9,7,0.2364,0.1907,0.0000,-0.5719,900.0000,392.8889,37.3323,0,0,0.3170,0.3204,0,0,0.0000,0.0035,nan,nan
medium,medium,near_sp,V1_NO_VENT_COORD,9,8,0.3359,0.3031,0.0719,-0.2286,900.0000,469.5556,10.1158,0,0,0.0392,0.0638,97,100,0.0034,0.0035,-2.5615,-6.9277
medium,medium,near_sp,ADAPTIVE_V1,9,8,0.4265,0.1744,0.0674,-0.2434,900.0000,472.8889,0.0000,0,0,0.0297,0.1187,96,100,0.0032,0.0035,-7.7740,-6.9277
medium,strong,long_12min,BASELINE_V4,8,7,0.8739,0.6391,0.0000,-0.1546,900.0000,869.3750,72.5848,0,0,0.3986,0.7508,0,0,0.0000,0.0088,nan,nan
medium,strong,long_12min,V1_NO_VENT_COORD,8,8,0.8152,0.7922,0.0697,0.0420,203.0000,943.5000,23.5336,0,0,0.2831,0.8229,95,100,0.0082,0.0088,-6.2032,-4.1348
medium,strong,long_12min,ADAPTIVE_V1,8,8,1.1455,0.3966,0.0693,0.0562,226.0000,946.3750,0.0000,0,0,0.0290,0.1269,94,100,0.0085,0.0088,-3.3622,-4.1348
medium,strong,after_stable_hold,BASELINE_V4,8,7,0.7236,0.3789,0.0000,-0.0977,900.0000,430.5000,53.4400,0,0,0.3556,0.6154,0,0,0.0000,0.0088,nan,nan
medium,strong,after_stable_hold,V1_NO_VENT_COORD,8,8,0.7872,0.7732,0.0707,0.0701,209.0000,491.0000,23.5209,0,0,0.1266,0.8434,91,100,0.0084,0.0088,-4.0457,-4.4199
medium,strong,after_stable_hold,ADAPTIVE_V1,8,8,1.0406,0.3948,0.0704,0.0680,247.0000,495.1250,0.0000,0,0,0.0359,0.1472,93,100,0.0081,0.0088,-7.4077,-4.4199
heavy,weak,repeated_3min_12cycle,BASELINE_V4,25,19,0.2431,0.0903,0.0000,-0.5888,900.0000,399.6400,54.5090,0,0,0.3123,0.3348,0,0,0.0000,0.0004,nan,nan
heavy,weak,repeated_3min_12cycle,V1_NO_VENT_COORD,25,23,0.0985,0.0473,0.0682,-0.0047,810.0000,458.0800,2.2497,0,0,0.0369,0.1271,82,24,0.0001,0.0004,-77.4774,15.4939
heavy,weak,repeated_3min_12cycle,ADAPTIVE_V1,25,23,0.3273,0.0516,0.0691,-0.0277,900.0000,454.2400,17.9812,0,0,0.2263,0.4425,33,30,0.0000,0.0004,-93.7088,30.5056
heavy,weak,fan_effect_x2_midrun,BASELINE_V4,15,11,0.2873,0.1269,0.0000,-0.6355,900.0000,388.2000,64.2259,0,0,0.3282,0.3104,0,0,0.0000,0.0004,nan,nan
heavy,weak,fan_effect_x2_midrun,V1_NO_VENT_COORD,15,13,0.1291,0.0770,0.0697,-0.0004,900.0000,469.8667,24.5263,0,0,0.0364,0.1513,83,24,0.0003,0.0004,-61.4639,33.5501
heavy,weak,fan_effect_x2_midrun,ADAPTIVE_V1,15,14,0.1377,0.0595,0.0671,-0.0158,900.0000,470.2667,21.1748,0,0,0.3059,0.5756,83,42,0.0010,0.0004,14.1418,16.3293
heavy,medium,during_heatup,BASELINE_V4,9,5,0.2300,0.1400,0.0000,-1.9259,900.0000,454.4444,62.6566,0,0,0.3558,0.2163,0,0,0.0000,0.0013,nan,nan
heavy,medium,during_heatup,V1_NO_VENT_COORD,9,6,0.1864,0.1576,0.0662,-1.3453,900.0000,508.4444,39.2132,0,0,0.0411,0.2072,79,90,0.0014,0.0013,5.7441,35.5978
heavy,medium,during_heatup,ADAPTIVE_V1,9,6,0.1808,0.1155,0.0637,-1.3238,900.0000,508.1111,38.1808,0,0,0.0391,0.1389,82,90,0.0011,0.0013,-13.4746,41.4128
heavy,strong,short_3min,BASELINE_V4,15,11,0.5877,0.2421,0.0000,-0.7453,900.0000,410.1333,78.2406,0,0,0.3336,0.5465,0,0,0.0000,0.0033,nan,nan
heavy,strong,short_3min,V1_NO_VENT_COORD,15,13,0.4031,0.3385,0.0000,-0.0467,900.0000,476.5333,36.5917,0,0,0.1011,0.3802,76,100,0.0034,0.0033,3.8096,44.2884
heavy,strong,short_3min,ADAPTIVE_V1,15,14,0.5105,0.1297,0.0674,-0.0335,900.0000,473.5333,25.6897,0,0,0.0332,0.1300,79,100,0.0035,0.0033,5.6192,27.6516
heavy,strong,near_sp,BASELINE_V4,9,5,0.5737,0.3623,0.0000,-2.2797,900.0000,446.1111,85.6001,0,0,0.3613,0.2147,0,0,0.0000,0.0033,nan,nan
heavy,strong,near_sp,V1_NO_VENT_COORD,9,6,0.4777,0.4258,0.0709,-1.4982,900.0000,529.0000,48.5579,0,0,0.0390,0.1268,78,100,0.0033,0.0033,1.5992,49.2862
heavy,strong,near_sp,ADAPTIVE_V1,9,7,0.4027,0.2275,0.0560,-1.4935,900.0000,528.4444,0.0000,0,0,0.0377,0.1446,80,100,0.0037,0.0033,13.8619,43.8364
light,weak,long_12min,BASELINE_V4,8,8,0.4685,0.4200,0.0000,-0.0880,900.0000,602.1250,17.0059,0,0,0.2567,0.5255,0,0,0.0000,0.0039,nan,nan
light,weak,long_12min,V1_NO_VENT_COORD,8,8,0.1974,0.1345,0.1070,0.0973,0.0000,641.6250,9.8517,0,0,0.0454,0.2055,61,100,0.0036,0.0039,-6.9290,0.0807
light,weak,long_12min,ADAPTIVE_V1,8,8,0.2155,0.1080,0.0860,0.0430,39.0000,645.7500,0.0000,0,0,0.0257,0.0762,61,100,0.0037,0.0039,-5.4935,0.0807
light,weak,after_stable_hold,BASELINE_V4,8,8,0.4958,0.3997,0.0000,-0.0714,900.0000,311.7500,18.2866,0,0,0.2504,0.5139,0,0,0.0000,0.0039,nan,nan
light,weak,after_stable_hold,V1_NO_VENT_COORD,8,8,0.1188,0.0860,0.0837,0.0794,0.0000,329.1250,5.8082,0,0,0.0379,0.2259,60,100,0.0035,0.0039,-8.7552,0.0807
light,weak,after_stable_hold,ADAPTIVE_V1,8,8,0.1540,0.1172,0.0809,0.0752,0.0000,327.5000,0.0000,0,0,0.0312,0.1989,61,100,0.0040,0.0039,2.7178,0.0807
light,medium,repeated_3min_12cycle,BASELINE_V4,25,25,0.6606,0.4848,0.0000,-0.0760,900.0000,289.1600,30.8786,0,0,0.3505,0.7842,0,0,0.0000,0.0117,nan,nan
light,medium,repeated_3min_12cycle,V1_NO_VENT_COORD,25,25,0.4374,0.3738,0.1006,0.0702,900.0000,313.8800,19.8794,0,0,0.1017,0.5383,55,100,0.0080,0.0117,-31.1944,-16.7738
light,medium,repeated_3min_12cycle,ADAPTIVE_V1,25,25,0.6597,0.1928,0.0741,0.0424,900.0000,334.2000,0.0000,0,0,0.0672,0.2935,55,92,0.0090,0.0117,-22.5992,-16.7738
light,medium,fan_effect_x2_midrun,BASELINE_V4,15,15,1.1005,0.7322,0.0000,-0.0669,900.0000,294.8667,45.5834,0,0,0.2804,1.1423,0,0,0.0000,0.0117,nan,nan
light,medium,fan_effect_x2_midrun,V1_NO_VENT_COORD,15,15,1.3641,0.8419,0.0847,0.0587,190.0000,352.4667,12.9282,0,0,0.2061,1.3041,55,56,0.0087,0.0117,-62.5600,-16.7738
light,medium,fan_effect_x2_midrun,ADAPTIVE_V1,15,15,0.8567,0.6141,0.0731,0.0392,153.0000,351.8667,0.0000,0,0,0.1334,0.7956,55,68,0.0089,0.0117,-61.7658,-16.7738
light,strong,during_heatup,BASELINE_V4,9,8,2.5431,1.3521,0.0163,-0.1980,900.0000,364.5556,50.3182,0,0,0.2615,0.9880,0,0,0.0000,0.0292,nan,nan
light,strong,during_heatup,V1_NO_VENT_COORD,9,8,2.6520,2.0439,0.0755,-0.1144,900.0000,425.2222,50.3182,0,0,0.2025,2.0210,55,20,0.0232,0.0292,-20.5668,-16.7738
light,strong,during_heatup,ADAPTIVE_V1,9,8,1.9807,1.6139,0.0000,-0.2579,900.0000,417.7778,0.0000,0,0,0.2231,1.5661,62,20,0.0227,0.0292,-22.0798,-7.2028
medium,weak,short_3min,BASELINE_V4,15,15,0.3877,0.3099,0.0000,-0.1282,900.0000,305.5333,39.5184,0,0,0.2994,0.3762,0,0,0.0000,0.0012,nan,nan
medium,weak,short_3min,V1_NO_VENT_COORD,15,15,0.1158,0.1025,0.0670,0.0657,0.0000,405.0667,3.7022,0,0,0.0320,0.1448,92,100,0.0013,0.0012,15.4769,-6.5722
medium,weak,short_3min,ADAPTIVE_V1,15,15,0.1283,0.0912,0.0679,0.0496,0.0000,401.7333,0.0000,0,0,0.0152,0.0718,95,100,0.0007,0.0012,-38.2716,-6.5722
medium,weak,near_sp,BASELINE_V4,9,7,0.0093,0.0028,0.0000,-0.6149,900.0000,392.3333,21.0599,0,0,0.3158,0.3219,0,0,0.0000,0.0012,nan,nan
medium,weak,near_sp,V1_NO_VENT_COORD,9,8,0.1290,0.1007,0.0671,-0.2754,900.0000,456.4444,4.7637,0,0,0.0260,0.0472,98,100,0.0013,0.0012,13.1595,-7.2477
medium,weak,near_sp,ADAPTIVE_V1,9,8,0.1383,0.0690,0.0703,-0.2749,900.0000,457.5556,0.0000,0,0,0.0322,0.1450,98,56,0.0015,0.0012,27.6562,-7.2477
medium,medium,long_12min,BASELINE_V4,8,7,0.5418,0.4213,0.0000,-0.1102,900.0000,818.3750,50.5235,0,0,0.3152,0.5852,0,0,0.0000,0.0035,nan,nan
medium,medium,long_12min,V1_NO_VENT_COORD,8,8,0.3337,0.3264,0.0724,0.0537,40.0000,931.7500,10.0223,0,0,0.1194,0.3668,94,100,0.0033,0.0035,-5.8369,-4.1348
medium,medium,long_12min,ADAPTIVE_V1,8,8,0.4147,0.2002,0.0678,0.0561,110.0000,941.8750,0.0000,0,0,0.0409,0.1381,95,100,0.0031,0.0035,-11.6277,-4.1348
medium,medium,after_stable_hold,BASELINE_V4,8,7,0.1995,0.1357,0.0000,-0.1251,900.0000,394.6250,30.4532,0,0,0.3341,0.4633,0,0,0.0000,0.0035,nan,nan
medium,medium,after_stable_hold,V1_NO_VENT_COORD,8,8,0.3307,0.3275,0.0721,0.0713,32.0000,474.1250,9.4337,0,0,0.0638,0.3530,91,100,0.0031,0.0035,-11.6642,-4.4199
medium,medium,after_stable_hold,ADAPTIVE_V1,8,8,0.4394,0.1618,0.0684,0.0448,125.0000,487.6250,0.0000,0,0,0.0119,0.0535,95,100,0.0032,0.0035,-8.4274,-4.4199
medium,strong,repeated_3min_12cycle,BASELINE_V4,25,23,0.8588,0.4454,0.0000,-0.1547,900.0000,373.2400,71.2909,0,0,0.3991,0.9033,0,0,0.0000,0.0088,nan,nan
medium,strong,repeated_3min_12cycle,V1_NO_VENT_COORD,25,25,0.6716,0.6408,0.0182,0.0032,900.0000,421.2800,18.0026,0,0,0.2351,0.6683,92,100,0.0087,0.0088,-0.0056,-8.4249
medium,strong,repeated_3min_12cycle,ADAPTIVE_V1,25,25,0.2323,0.0866,0.0697,0.0451,11.0000,411.1200,0.0000,0,0,0.0301,0.1636,94,100,0.0083,0.0088,-5.3339,-7.5984
medium,strong,fan_effect_x2_midrun,BASELINE_V4,15,14,1.4620,1.0128,0.0000,-0.1205,900.0000,359.9333,71.2407,0,0,0.3811,1.1948,0,0,0.0000,0.0088,nan,nan
medium,strong,fan_effect_x2_midrun,V1_NO_VENT_COORD,15,15,1.4795,1.1775,0.0746,0.0679,245.0000,428.0000,40.8542,0,0,0.2375,1.5024,95,100,0.0157,0.0088,-10.4120,-7.8833
medium,strong,fan_effect_x2_midrun,ADAPTIVE_V1,15,15,1.0025,0.6976,0.0725,0.0659,251.0000,456.9333,0.0000,0,0,0.1976,1.0125,96,100,0.0160,0.0088,-8.6442,-7.6317
heavy,weak,during_heatup,BASELINE_V4,9,5,0.1579,0.0888,0.0000,-1.9116,900.0000,431.7778,41.5744,0,0,0.3118,0.3326,0,0,0.0000,0.0004,nan,nan
heavy,weak,during_heatup,V1_NO_VENT_COORD,9,7,0.0986,0.0701,0.0706,-1.1134,900.0000,523.0000,0.5812,0,0,0.0207,0.0552,83,83,0.0000,0.0004,-99.6914,28.2061
heavy,weak,during_heatup,ADAPTIVE_V1,9,7,0.0967,0.0675,0.0706,-1.1170,900.0000,523.3333,0.0000,0,0,0.0414,0.1461,78,59,0.0000,0.0004,-100.0000,39.6194
heavy,medium,short_3min,BASELINE_V4,15,11,0.3343,0.1154,0.0000,-0.6754,900.0000,405.6000,64.1624,0,0,0.3148,0.3049,0,0,0.0000,0.0013,nan,nan
heavy,medium,short_3min,V1_NO_VENT_COORD,15,14,0.2559,0.1119,0.0676,-0.0308,900.0000,473.7333,32.0757,0,0,0.0396,0.1942,78,100,0.0016,0.0013,22.8831,48.6771
heavy,medium,short_3min,ADAPTIVE_V1,15,14,0.5647,0.0934,0.0676,-0.0296,900.0000,471.0667,22.4514,0,0,0.0159,0.0396,80,100,0.0016,0.0013,22.4820,38.8731
heavy,medium,near_sp,BASELINE_V4,9,5,0.3519,0.2906,0.0000,-2.2254,900.0000,435.7778,70.5652,0,0,0.3045,0.2331,0,0,0.0000,0.0013,nan,nan
heavy,medium,near_sp,V1_NO_VENT_COORD,9,7,0.2022,0.1434,0.0642,-1.4731,900.0000,525.8889,4.6473,0,0,0.0364,0.1356,82,83,0.0012,0.0013,-9.6860,37.7377
heavy,medium,near_sp,ADAPTIVE_V1,9,7,0.1127,0.0679,0.0666,-1.4684,900.0000,525.8889,0.0000,0,0,0.0146,0.0185,90,100,0.0016,0.0013,19.7535,24.6171
heavy,strong,long_12min,BASELINE_V4,8,5,0.4036,0.2915,0.0000,-0.8628,900.0000,890.2500,75.8061,0,0,0.3567,0.2878,0,0,0.0000,0.0033,nan,nan
heavy,strong,long_12min,V1_NO_VENT_COORD,8,7,0.5328,0.4262,0.0453,-0.0522,900.0000,989.3750,46.2063,0,0,0.1914,0.5416,81,100,0.0031,0.0033,-5.1706,41.5789
heavy,strong,long_12min,ADAPTIVE_V1,8,7,0.3003,0.2182,0.0662,-0.0111,574.0000,993.2500,0.0000,0,0,0.0449,0.1396,81,100,0.0039,0.0033,18.2722,41.3329
heavy,strong,after_stable_hold,BASELINE_V4,8,6,0.4010,0.2215,0.0000,-0.9207,900.0000,464.7500,56.7283,0,0,0.3420,0.2613,0,0,0.0000,0.0033,nan,nan
heavy,strong,after_stable_hold,V1_NO_VENT_COORD,8,7,0.4650,0.3993,0.0662,0.0003,523.0000,539.2500,38.8559,0,0,0.0863,0.4824,76,100,0.0027,0.0033,-16.7582,34.3335
heavy,strong,after_stable_hold,ADAPTIVE_V1,8,7,0.3180,0.1532,0.0646,-0.0195,753.0000,539.7500,0.0000,0,0,0.0453,0.1769,77,100,0.0040,0.0033,21.0055,49.8810
light,weak,repeated_3min_12cycle,BASELINE_V4,25,25,0.4322,0.2204,0.0000,-0.0877,900.0000,265.3600,21.9593,0,0,0.3040,0.4886,0,0,0.0000,0.0039,nan,nan
light,weak,repeated_3min_12cycle,V1_NO_VENT_COORD,25,25,0.2552,0.1284,0.0986,0.0741,900.0000,282.6000,14.8161,0,0,0.0452,0.2648,55,100,0.0027,0.0039,-31.3397,-16.7738
light,weak,repeated_3min_12cycle,ADAPTIVE_V1,25,25,0.6179,0.1519,0.0759,0.0324,900.0000,278.6400,0.0000,0,0,0.0354,0.1405,55,100,0.0030,0.0039,-23.5924,-16.7738
light,weak,fan_effect_x2_midrun,BASELINE_V4,15,15,0.6348,0.4504,0.0000,-0.0722,900.0000,274.2000,25.2800,0,0,0.2303,0.6419,0,0,0.0000,0.0039,nan,nan
light,weak,fan_effect_x2_midrun,V1_NO_VENT_COORD,15,15,0.3136,0.1742,0.0920,0.0766,18.0000,297.8667,13.8058,0,0,0.0447,0.3305,55,100,0.0053,0.0039,-31.4076,-16.7738
light,weak,fan_effect_x2_midrun,ADAPTIVE_V1,15,15,0.2691,0.1541,0.0850,0.0740,26.0000,300.8667,0.0000,0,0,0.0359,0.2118,55,100,0.0060,0.0039,-22.3417,-16.7738
light,medium,during_heatup,BASELINE_V4,9,8,0.7597,0.6853,0.0000,-0.2278,900.0000,332.5556,40.9455,0,0,0.2380,0.7081,0,0,0.0000,0.0117,nan,nan
light,medium,during_heatup,V1_NO_VENT_COORD,9,8,0.6749,0.3890,0.1017,-0.0844,900.0000,362.1111,40.9455,0,0,0.0341,0.2778,55,44,0.0087,0.0117,-25.4072,-16.7738
light,medium,during_heatup,ADAPTIVE_V1,9,8,1.0472,0.4097,0.0627,-0.0838,900.0000,382.7778,0.0000,0,0,0.0340,0.2333,56,68,0.0092,0.0117,-20.8178,-17.0930
light,strong,short_3min,BASELINE_V4,15,15,2.3408,1.6071,0.0984,-0.0638,900.0000,344.4000,55.0611,0,0,0.2846,1.0891,0,0,0.0000,0.0292,nan,nan
light,strong,short_3min,V1_NO_VENT_COORD,15,15,2.1609,2.1047,0.0660,0.0049,359.0000,384.2667,37.0900,0,0,0.2864,2.1198,60,44,0.0255,0.0292,-12.5566,-4.3654
light,strong,short_3min,ADAPTIVE_V1,15,15,1.9011,1.8533,0.0570,0.0058,179.0000,386.6667,0.0000,0,0,0.2728,1.8905,68,32,0.0235,0.0292,-19.5568,-9.9218
light,strong,near_sp,BASELINE_V4,9,8,2.8650,1.4188,0.0655,-0.1702,900.0000,362.8889,45.6939,0,0,0.2108,0.4000,0,0,0.0000,0.0292,nan,nan
light,strong,near_sp,V1_NO_VENT_COORD,9,8,2.8544,1.9756,0.0000,-0.1782,900.0000,414.7778,46.5949,0,0,0.2559,0.2895,38,68,0.0189,0.0292,-35.2098,-66.2500
light,strong,near_sp,ADAPTIVE_V1,9,8,2.8110,1.8427,0.0000,-0.2025,900.0000,421.7778,0.0000,0,0,0.2589,0.2847,38,80,0.0166,0.0292,-43.1439,-66.2500
medium,weak,long_12min,BASELINE_V4,8,8,0.3591,0.2206,0.0000,-0.1238,900.0000,698.3750,39.5184,0,0,0.2982,0.3567,0,0,0.0000,0.0012,nan,nan
medium,weak,long_12min,V1_NO_VENT_COORD,8,8,0.1483,0.1326,0.0674,0.0586,0.0000,873.2500,4.8606,0,0,0.0498,0.1563,94,100,0.0013,0.0012,7.4850,-4.1348
medium,weak,long_12min,ADAPTIVE_V1,8,8,0.2117,0.1667,0.0696,0.0470,33.0000,898.0000,0.0000,0,0,0.0760,0.2076,94,42,0.0009,0.0012,-19.7814,-4.1348
medium,weak,after_stable_hold,BASELINE_V4,8,7,0.0726,0.0300,0.0000,-0.1266,900.0000,370.1250,20.4199,0,0,0.3157,0.3215,0,0,0.0000,0.0012,nan,nan
medium,weak,after_stable_hold,V1_NO_VENT_COORD,8,8,0.1348,0.1167,0.0676,0.0663,0.0000,461.0000,4.7840,0,0,0.0311,0.1678,92,100,0.0013,0.0012,14.4899,-4.4199
medium,weak,after_stable_hold,ADAPTIVE_V1,8,8,0.1597,0.0791,0.0676,0.0458,0.0000,458.3750,0.0000,0,0,0.0359,0.1213,92,97,0.0012,0.0012,2.7535,-4.4199
medium,medium,repeated_3min_12cycle,BASELINE_V4,25,24,0.5264,0.2106,0.0000,-0.1100,900.0000,346.3200,47.0239,0,0,0.3472,0.5043,0,0,0.0000,0.0035,nan,nan
medium,medium,repeated_3min_12cycle,V1_NO_VENT_COORD,25,25,0.2678,0.2483,0.0158,0.0065,42.0000,409.9200,5.6735,0,0,0.0930,0.2720,93,100,0.0035,0.0035,-1.1032,-6.5115
medium,medium,repeated_3min_12cycle,ADAPTIVE_V1,25,25,0.0856,0.0471,0.0656,0.0356,0.0000,411.5600,0.0000,0,0,0.0293,0.1023,94,100,0.0031,0.0035,-11.0385,-6.9867
medium,medium,fan_effect_x2_midrun,BASELINE_V4,15,15,0.7745,0.5086,0.0000,-0.1195,900.0000,327.6000,63.5640,0,0,0.3364,0.7890,0,0,0.0000,0.0035,nan,nan
medium,medium,fan_effect_x2_midrun,V1_NO_VENT_COORD,15,15,0.6444,0.4857,0.0709,0.0671,167.0000,416.2000,17.9929,0,0,0.1011,0.6405,93,100,0.0064,0.0035,-9.0114,-7.1563
medium,medium,fan_effect_x2_midrun,ADAPTIVE_V1,15,15,0.4597,0.1615,0.0688,0.0496,117.0000,423.7333,0.0000,0,0,0.0241,0.1043,96,100,0.0064,0.0035,-8.2949,-7.1563
medium,strong,during_heatup,BASELINE_V4,9,7,0.7455,0.4354,0.0000,-0.3920,900.0000,415.8889,53.9730,0,0,0.3182,0.4207,0,0,0.0000,0.0088,nan,nan
medium,strong,during_heatup,V1_NO_VENT_COORD,9,8,0.7899,0.7363,0.0720,-0.0362,900.0000,471.8889,24.3762,0,0,0.0770,0.7582,92,100,0.0085,0.0088,-2.5996,-6.4611
medium,strong,during_heatup,ADAPTIVE_V1,9,8,1.0941,0.4900,0.0739,-0.0433,900.0000,482.4444,0.0000,0,0,0.0317,0.0487,93,100,0.0083,0.0088,-5.2594,-6.4611
heavy,weak,short_3min,BASELINE_V4,15,11,0.2546,0.1480,0.0000,-0.6554,900.0000,385.4000,53.3865,0,0,0.3208,0.2806,0,0,0.0000,0.0004,nan,nan
heavy,weak,short_3min,V1_NO_VENT_COORD,15,14,0.1158,0.0523,0.0616,-0.0229,900.0000,470.1333,24.5263,0,0,0.0288,0.0655,76,24,0.0000,0.0004,-94.6116,35.5300
heavy,weak,short_3min,ADAPTIVE_V1,15,14,0.1669,0.0419,0.0678,-0.0158,900.0000,468.1333,27.6556,0,0,0.2549,0.6091,40,54,0.0008,0.0004,72.5460,29.2342
heavy,weak,near_sp,BASELINE_V4,9,5,0.2616,0.2345,0.0000,-2.1858,900.0000,419.8889,63.0595,0,0,0.3587,0.2157,0,0,0.0000,0.0004,nan,nan
heavy,weak,near_sp,V1_NO_VENT_COORD,9,7,0.0977,0.0616,0.0668,-1.4619,900.0000,517.1111,1.0067,0,0,0.0374,0.1397,84,24,0.0001,0.0004,-67.9267,30.3181
heavy,weak,near_sp,ADAPTIVE_V1,9,7,0.0973,0.0567,0.0757,-1.4654,900.0000,517.7778,0.0000,0,0,0.0299,0.0695,71,24,0.0001,0.0004,-87.7155,31.3472
heavy,medium,long_12min,BASELINE_V4,8,6,0.3038,0.1923,0.0000,-0.7240,900.0000,852.6250,66.0265,0,0,0.3208,0.2258,0,0,0.0000,0.0013,nan,nan
heavy,medium,long_12min,V1_NO_VENT_COORD,8,7,0.2298,0.1784,0.0780,-0.0065,139.0000,988.2500,14.5943,0,0,0.0824,0.2426,73,66,0.0013,0.0013,-2.2089,24.1285
heavy,medium,long_12min,ADAPTIVE_V1,8,7,0.3195,0.1234,0.0673,-0.0269,186.0000,989.7500,0.0000,0,0,0.0667,0.2082,78,33,0.0017,0.0013,26.7366,29.5711
heavy,medium,after_stable_hold,BASELINE_V4,8,6,0.3388,0.1886,0.0000,-0.8702,900.0000,440.3750,70.8247,0,0,0.3370,0.2588,0,0,0.0000,0.0013,nan,nan
heavy,medium,after_stable_hold,V1_NO_VENT_COORD,8,7,0.2415,0.1737,0.0735,-0.0435,900.0000,539.0000,23.9750,0,0,0.0518,0.2229,75,88,0.0011,0.0013,-12.6081,40.3098
heavy,medium,after_stable_hold,ADAPTIVE_V1,8,7,0.1522,0.1126,0.0651,-0.0118,775.0000,536.0000,0.0000,0,0,0.0443,0.1568,77,97,0.0008,0.0013,-36.6299,46.0489
heavy,strong,repeated_3min_12cycle,BASELINE_V4,25,17,0.5774,0.2659,0.0000,-0.8816,900.0000,399.7200,69.3654,0,0,0.3549,0.3654,0,0,0.0000,0.0033,nan,nan
heavy,strong,repeated_3min_12cycle,V1_NO_VENT_COORD,25,23,0.3940,0.3210,0.0000,-0.0429,900.0000,468.1600,35.1165,0,0,0.1791,0.3768,87,100,0.0033,0.0033,-0.8646,2.4817
heavy,strong,repeated_3min_12cycle,ADAPTIVE_V1,25,23,0.6540,0.1239,0.0000,-0.0906,900.0000,452.4800,33.0007,0,0,0.5008,0.5499,41,100,0.0036,0.0033,9.7073,11.0745
heavy,strong,fan_effect_x2_midrun,BASELINE_V4,15,11,0.9511,0.4920,0.0000,-0.7600,900.0000,420.7333,80.1808,0,0,0.4303,0.8563,0,0,0.0000,0.0033,nan,nan
heavy,strong,fan_effect_x2_midrun,V1_NO_VENT_COORD,15,13,1.1470,0.6108,0.0000,-0.0438,900.0000,477.6000,44.7783,0,0,0.1832,0.9688,75,100,0.0067,0.0033,2.5669,35.3636
heavy,strong,fan_effect_x2_midrun,ADAPTIVE_V1,15,14,0.8415,0.3966,0.0691,-0.0555,900.0000,477.7333,37.9662,0,0,0.0907,0.5074,76,100,0.0071,0.0033,7.6307,39.4998
light,weak,during_heatup,BASELINE_V4,9,8,0.5091,0.3661,0.0000,-0.1612,900.0000,309.5556,29.6526,0,0,0.1941,0.4360,0,0,0.0000,0.0039,nan,nan
light,weak,during_heatup,V1_NO_VENT_COORD,9,8,0.1856,0.1287,0.0826,-0.0340,900.0000,318.2222,29.6526,0,0,0.0334,0.2150,55,100,0.0029,0.0039,-24.7584,-16.7738
light,weak,during_heatup,ADAPTIVE_V1,9,8,0.1776,0.1172,0.0869,-0.0692,900.0000,315.8889,0.0000,0,0,0.0332,0.2220,55,100,0.0033,0.0039,-14.4403,-16.7738
light,medium,short_3min,BASELINE_V4,15,15,0.6606,0.5144,0.0000,-0.0770,900.0000,285.0667,30.5101,0,0,0.2947,0.7628,0,0,0.0000,0.0117,nan,nan
light,medium,short_3min,V1_NO_VENT_COORD,15,15,0.4538,0.3404,0.0839,0.0778,34.0000,325.7333,13.4566,0,0,0.0518,0.4618,55,100,0.0084,0.0117,-27.7297,-16.7738
light,medium,short_3min,ADAPTIVE_V1,15,15,0.5875,0.2327,0.0731,0.0505,153.0000,338.8000,0.0000,0,0,0.0384,0.2311,55,68,0.0089,0.0117,-23.5317,-16.7738
light,medium,near_sp,BASELINE_V4,9,8,0.8650,0.6489,0.0000,-0.1900,900.0000,348.7778,28.5084,0,0,0.1787,0.3959,0,0,0.0000,0.0117,nan,nan
light,medium,near_sp,V1_NO_VENT_COORD,9,8,0.8649,0.3865,0.0111,-0.1693,900.0000,360.7778,20.0016,0,0,0.2832,0.3279,34,24,0.0019,0.0117,-83.4463,-66.2500
light,medium,near_sp,ADAPTIVE_V1,9,8,1.0795,0.7772,0.0000,-0.1936,900.0000,383.3333,0.0000,0,0,0.2821,0.3312,34,92,0.0065,0.0117,-44.2434,-66.2500
light,strong,long_12min,BASELINE_V4,8,8,3.3399,1.8025,0.0000,-0.0788,900.0000,764.1250,54.1454,0,0,0.5488,1.3759,0,0,0.0000,0.0292,nan,nan
light,strong,long_12min,V1_NO_VENT_COORD,8,8,2.1814,2.1243,0.0006,-0.1226,900.0000,905.5000,48.4295,0,0,0.7732,2.1876,61,44,0.0258,0.0292,-11.5617,0.0807
light,strong,long_12min,ADAPTIVE_V1,8,8,2.1083,1.8896,0.0221,-0.0402,900.0000,899.6250,0.0000,0,0,0.6552,1.6614,61,0,0.0000,0.0292,-100.0000,-0.2190
light,strong,after_stable_hold,BASELINE_V4,8,7,2.5291,1.1915,0.0126,-0.0799,900.0000,378.7500,53.0057,0,0,0.3215,1.2689,0,0,0.0000,0.0292,nan,nan
light,strong,after_stable_hold,V1_NO_VENT_COORD,8,7,2.1458,2.0856,0.0556,0.0086,323.0000,452.3750,52.1350,0,0,0.3223,2.1704,65,20,0.0261,0.0292,-10.6632,-2.3073
light,strong,after_stable_hold,ADAPTIVE_V1,8,8,2.1096,2.0459,0.0664,0.0034,327.0000,447.8750,0.0000,0,0,0.3065,2.0538,64,20,0.0271,0.0292,-6.9402,-1.6078
medium,weak,repeated_3min_12cycle,BASELINE_V4,25,25,0.3844,0.1544,0.0000,-0.1199,900.0000,320.8800,38.5584,0,0,0.3225,0.3944,0,0,0.0000,0.0012,nan,nan
medium,weak,repeated_3min_12cycle,V1_NO_VENT_COORD,25,25,0.1326,0.0954,0.0731,0.0560,0.0000,399.8000,3.0056,0,0,0.0392,0.1483,91,24,0.0001,0.0012,-92.9324,-8.3943
medium,weak,repeated_3min_12cycle,ADAPTIVE_V1,25,25,0.1226,0.0632,0.0686,0.0406,0.0000,402.3200,0.0000,0,0,0.0342,0.1296,93,60,0.0014,0.0012,17.4909,-9.7090
medium,weak,fan_effect_x2_midrun,BASELINE_V4,15,15,0.4172,0.3796,0.0000,-0.1296,900.0000,304.7333,42.1318,0,0,0.3116,0.4774,0,0,0.0000,0.0012,nan,nan
medium,weak,fan_effect_x2_midrun,V1_NO_VENT_COORD,15,15,0.2373,0.1593,0.0688,0.0664,11.0000,409.8000,6.4810,0,0,0.0428,0.2155,92,100,0.0020,0.0012,-13.0444,-6.5722
medium,weak,fan_effect_x2_midrun,ADAPTIVE_V1,15,15,0.2908,0.1292,0.0743,0.0664,94.0000,413.6667,0.0000,0,0,0.0284,0.1256,92,100,0.0021,0.0012,-8.8209,-6.5722
medium,medium,during_heatup,BASELINE_V4,9,7,0.5018,0.1774,0.0000,-0.4343,900.0000,380.2222,40.0543,0,0,0.3307,0.5380,0,0,0.0000,0.0035,nan,nan
medium,medium,during_heatup,V1_NO_VENT_COORD,9,7,0.3419,0.3194,0.0678,-0.0045,900.0000,463.0000,9.6511,0,0,0.0454,0.3254,80,100,0.0033,0.0035,-5.8709,-6.3491
medium,medium,during_heatup,ADAPTIVE_V1,9,7,0.4487,0.1610,0.0694,-0.0169,900.0000,471.4444,3.9421,0,0,0.0123,0.0406,81,100,0.0035,0.0035,-1.1920,-6.3491
medium,strong,short_3min,BASELINE_V4,15,14,0.8856,0.2632,0.0280,-0.0933,900.0000,370.0667,47.8655,0,0,0.3461,0.5722,0,0,0.0000,0.0088,nan,nan
medium,strong,short_3min,V1_NO_VENT_COORD,15,15,0.7761,0.7534,0.0746,0.0714,218.0000,428.4000,23.8232,0,0,0.1340,0.8174,95,100,0.0079,0.0088,-9.2671,-7.6317
medium,strong,short_3min,ADAPTIVE_V1,15,15,0.5986,0.1585,0.0725,0.0541,144.0000,421.0000,0.0000,0,0,0.0255,0.1252,97,100,0.0082,0.0088,-6.3179,-7.6317
medium,strong,near_sp,BASELINE_V4,9,7,0.7372,0.4436,0.0000,-0.6292,900.0000,427.5556,58.5809,0,0,0.3171,0.3204,0,0,0.0000,0.0088,nan,nan
medium,strong,near_sp,V1_NO_VENT_COORD,9,7,0.7739,0.7471,0.0710,-0.2602,900.0000,479.2222,24.1145,0,0,0.0315,0.1374,91,100,0.0084,0.0088,-3.5316,-6.0973
medium,strong,near_sp,ADAPTIVE_V1,9,7,0.8143,0.3862,0.0712,-0.2706,900.0000,481.0000,21.7762,0,0,0.0084,0.0267,91,100,0.0081,0.0088,-7.0668,-6.0973
heavy,weak,long_12min,BASELINE_V4,8,6,0.2295,0.1879,0.0000,-0.6882,900.0000,792.8750,57.9142,0,0,0.3281,0.3190,0,0,0.0000,0.0004,nan,nan
heavy,weak,long_12min,V1_NO_VENT_COORD,8,7,0.1262,0.0523,0.0583,-0.0220,109.0000,975.8750,7.4565,0,0,0.0417,0.1341,78,72,0.0011,0.0004,162.6581,47.0350
heavy,weak,long_12min,ADAPTIVE_V1,8,7,0.6164,0.1180,0.0718,-0.0411,900.0000,966.6250,54.0480,0,0,0.0232,0.0616,72,90,0.0012,0.0004,167.0517,49.8247
heavy,weak,after_stable_hold,BASELINE_V4,8,6,0.2532,0.1971,0.0000,-0.8662,900.0000,413.3750,60.2327,0,0,0.3382,0.2608,0,0,0.0000,0.0004,nan,nan
heavy,weak,after_stable_hold,V1_NO_VENT_COORD,8,7,0.1083,0.0817,0.0626,0.0007,612.0000,529.5000,16.4942,0,0,0.0347,0.1159,76,30,0.0004,0.0004,0.6500,42.9361
heavy,weak,after_stable_hold,ADAPTIVE_V1,8,7,0.1078,0.0610,0.0591,-0.0286,900.0000,533.2500,21.0958,0,0,0.0231,0.1005,75,24,0.0004,0.0004,-1.6315,29.9663
heavy,medium,repeated_3min_12cycle,BASELINE_V4,25,18,0.0778,0.0508,0.0000,-0.7528,900.0000,395.4000,53.2001,0,0,0.3485,0.2288,0,0,0.0000,0.0013,nan,nan
heavy,medium,repeated_3min_12cycle,V1_NO_VENT_COORD,25,23,0.1448,0.1007,0.0000,-0.0382,900.0000,461.7600,15.3140,0,0,0.0929,0.1518,87,42,0.0007,0.0013,-47.1249,23.2737
heavy,medium,repeated_3min_12cycle,ADAPTIVE_V1,25,23,0.1727,0.0926,0.0000,-0.0374,900.0000,461.6000,0.0000,0,0,0.0876,0.1528,83,56,0.0003,0.0013,-73.5088,24.9505
heavy,medium,fan_effect_x2_midrun,BASELINE_V4,15,11,0.2627,0.0596,0.0000,-0.6871,900.0000,405.9333,64.1624,0,0,0.3561,0.2684,0,0,0.0000,0.0013,nan,nan
heavy,medium,fan_effect_x2_midrun,V1_NO_VENT_COORD,15,14,0.4099,0.2077,0.0000,-0.0492,900.0000,472.2000,32.0757,0,0,0.2109,0.6412,63,100,0.0026,0.0013,0.4835,29.2490
heavy,medium,fan_effect_x2_midrun,ADAPTIVE_V1,15,14,0.3159,0.1236,0.0685,-0.0274,900.0000,475.6000,26.0414,0,0,0.0423,0.1563,76,100,0.0026,0.0013,0.9223,40.6155
heavy,strong,during_heatup,BASELINE_V4,9,5,0.3275,0.2339,0.0000,-2.0493,900.0000,456.3333,73.5314,0,0,0.3033,0.2374,0,0,0.0000,0.0033,nan,nan
heavy,strong,during_heatup,V1_NO_VENT_COORD,9,7,0.4826,0.3253,0.0000,-1.1845,900.0000,530.0000,15.4399,0,0,0.0671,0.4827,75,100,0.0032,0.0033,-2.2998,45.4027
heavy,strong,during_heatup,ADAPTIVE_V1,9,7,0.3744,0.2489,0.0641,-1.1651,900.0000,530.8889,0.0000,0,0,0.0411,0.1781,74,100,0.0035,0.0033,6.5976,45.2416
