case,mode,high,emergency,overshoot,mae_tail,ripple_tail,conf_final,state,fault_updates,conf_after_reboot,guard_events,gain_err_pct
medium_d15/sensor_loss,BASELINE_V4,0,0,-0.0820,0.5557,0.1106,0,UNLEARNED,0,-1.0000,0,nan
medium_d15/sensor_loss,ADAPTIVE_V1,0,0,0.0698,0.0061,0.0109,95,QUALIFIED,0,-1.0000,0,-4.1348
medium_d15/sensor_invalid,BASELINE_V4,0,0,-0.0820,0.5561,0.1082,0,UNLEARNED,0,-1.0000,0,nan
medium_d15/sensor_invalid,ADAPTIVE_V1,0,0,0.0666,0.0434,0.0034,95,QUALIFIED,0,-1.0000,0,-4.1348
medium_d15/sudden_jump,BASELINE_V4,0,0,-0.0820,0.3166,0.3205,0,UNLEARNED,0,-1.0000,0,nan
medium_d15/sudden_jump,ADAPTIVE_V1,0,0,0.0638,0.0393,0.0092,95,QUALIFIED,0,-1.0000,0,-4.1348
medium_d15/sensor_frozen,BASELINE_V4,0,0,-0.0820,0.5557,0.1113,0,UNLEARNED,0,-1.0000,0,nan
medium_d15/sensor_frozen,ADAPTIVE_V1,0,0,0.0708,0.0336,0.1370,95,QUALIFIED,0,-1.0000,0,-4.1348
medium_d15/noisy,BASELINE_V4,0,0,-0.0992,0.3164,0.2948,0,UNLEARNED,0,-1.0000,0,nan
medium_d15/noisy,ADAPTIVE_V1,0,0,0.0710,0.0766,0.0104,93,QUALIFIED,0,-1.0000,0,-8.2603
medium_d15/jitter,BASELINE_V4,0,0,-0.0719,0.3142,0.3319,0,UNLEARNED,0,-1.0000,0,nan
medium_d15/jitter,ADAPTIVE_V1,0,0,0.0639,0.0268,0.1105,96,QUALIFIED,0,-1.0000,0,-4.9985
medium_d15/missing_samples,BASELINE_V4,0,0,-0.0820,0.3167,0.3205,0,UNLEARNED,0,-1.0000,0,nan
medium_d15/missing_samples,ADAPTIVE_V1,0,0,0.0705,0.0303,0.0020,95,QUALIFIED,0,-1.0000,0,-4.1348
medium_d15/reboot,BASELINE_V4,0,0,-0.0820,0.5564,0.1075,0,UNLEARNED,0,0.0000,0,nan
medium_d15/reboot,ADAPTIVE_V1,0,0,0.0678,0.0454,0.0060,92,QUALIFIED,0,18.0000,0,-3.1328
medium_d15/manual_test,BASELINE_V4,0,0,-0.0820,0.5556,0.1082,0,UNLEARNED,0,-1.0000,0,nan
medium_d15/manual_test,ADAPTIVE_V1,0,0,0.0737,0.0438,0.0068,95,QUALIFIED,0,-1.0000,0,-4.1444
medium_d15/heater_off,BASELINE_V4,0,0,-0.0820,0.5556,0.1082,0,UNLEARNED,0,-1.0000,0,nan
medium_d15/heater_off,ADAPTIVE_V1,0,0,0.0737,0.0298,0.0457,95,QUALIFIED,0,-1.0000,0,-4.2157
medium_d15/safety_cut,BASELINE_V4,0,0,-0.0820,0.5553,0.1100,0,UNLEARNED,0,-1.0000,0,nan
medium_d15/safety_cut,ADAPTIVE_V1,0,0,0.0767,0.0294,0.1055,95,QUALIFIED,0,-1.0000,0,-4.1482
medium_d15/power_loss,BASELINE_V4,0,0,-0.0820,0.3398,0.1227,0,UNLEARNED,0,-1.0000,0,nan
medium_d15/power_loss,ADAPTIVE_V1,0,0,0.0806,0.0331,0.1271,95,QUALIFIED,0,-1.0000,0,-4.1213
medium_d15/door,BASELINE_V4,0,0,-0.0820,0.3172,0.3201,0,UNLEARNED,0,-1.0000,0,nan
medium_d15/door,ADAPTIVE_V1,0,0,0.0734,0.0334,0.1110,94,QUALIFIED,0,-1.0000,0,-4.3219
medium_d15/rollover,BASELINE_V4,0,0,-0.0861,0.3169,0.3199,0,UNLEARNED,0,-1.0000,0,nan
medium_d15/rollover,ADAPTIVE_V1,0,0,0.0702,0.0441,0.0066,97,QUALIFIED,0,-1.0000,0,-6.2789
medium_d15/vent_transition,BASELINE_V4,0,0,-0.0780,0.3430,0.5402,0,UNLEARNED,0,-1.0000,0,nan
medium_d15/vent_transition,ADAPTIVE_V1,0,0,0.0839,0.0315,0.1375,63,QUALIFIED,0,-1.0000,0,-5.1187
heavy_d60/sensor_loss,BASELINE_V4,0,0,-0.0199,0.3270,0.5567,0,UNLEARNED,0,-1.0000,0,nan
heavy_d60/sensor_loss,ADAPTIVE_V1,0,0,0.0689,0.0421,0.0815,84,QUALIFIED,0,-1.0000,0,16.6698
heavy_d60/sensor_invalid,BASELINE_V4,0,0,-0.0629,0.3359,0.3791,0,UNLEARNED,0,-1.0000,0,nan
heavy_d60/sensor_invalid,ADAPTIVE_V1,0,0,0.0691,0.0178,0.0774,93,QUALIFIED,0,-1.0000,0,11.8216
heavy_d60/sudden_jump,BASELINE_V4,0,0,-0.1759,0.4633,0.2535,0,UNLEARNED,0,-1.0000,0,nan
heavy_d60/sudden_jump,ADAPTIVE_V1,0,0,-0.0017,0.0486,0.0919,79,QUALIFIED,0,-1.0000,0,24.2099
heavy_d60/sensor_frozen,BASELINE_V4,0,0,-0.5214,0.6341,0.2055,0,UNLEARNED,0,-1.0000,0,nan
heavy_d60/sensor_frozen,ADAPTIVE_V1,0,0,0.0714,0.0419,0.0915,83,QUALIFIED,0,-1.0000,0,16.2595
heavy_d60/noisy,BASELINE_V4,0,0,-0.2693,0.4969,0.3204,0,UNLEARNED,0,-1.0000,0,nan
heavy_d60/noisy,ADAPTIVE_V1,0,0,0.0225,0.0054,0.0266,83,QUALIFIED,0,-1.0000,0,-5.9900
heavy_d60/jitter,BASELINE_V4,0,0,-0.1668,0.4391,0.4193,0,UNLEARNED,0,-1.0000,0,nan
heavy_d60/jitter,ADAPTIVE_V1,0,0,0.0736,0.0454,0.0973,86,QUALIFIED,0,-1.0000,0,15.8985
heavy_d60/missing_samples,BASELINE_V4,0,0,-0.1997,0.4638,0.2535,0,UNLEARNED,0,-1.0000,0,nan
heavy_d60/missing_samples,ADAPTIVE_V1,0,0,0.0646,0.0357,0.0479,88,QUALIFIED,0,-1.0000,0,17.3200
heavy_d60/reboot,BASELINE_V4,0,0,-0.0615,0.3500,0.4663,0,UNLEARNED,0,0.0000,0,nan
heavy_d60/reboot,ADAPTIVE_V1,0,0,-0.0016,0.0656,0.1494,92,QUALIFIED,0,18.0000,0,7.2142
heavy_d60/manual_test,BASELINE_V4,0,0,-0.3288,0.4560,0.2358,0,UNLEARNED,0,-1.0000,0,nan
heavy_d60/manual_test,ADAPTIVE_V1,0,0,0.0691,0.0076,0.0286,91,QUALIFIED,0,-1.0000,0,14.1220
heavy_d60/heater_off,BASELINE_V4,0,0,-0.3288,0.4560,0.2358,0,UNLEARNED,0,-1.0000,0,nan
heavy_d60/heater_off,ADAPTIVE_V1,0,0,0.0686,0.0376,0.0863,85,QUALIFIED,0,-1.0000,0,17.0192
heavy_d60/safety_cut,BASELINE_V4,0,0,-0.3250,0.5172,0.1853,0,UNLEARNED,0,-1.0000,0,nan
heavy_d60/safety_cut,ADAPTIVE_V1,0,0,0.0718,0.0083,0.0253,86,QUALIFIED,0,-1.0000,0,19.4695
heavy_d60/power_loss,BASELINE_V4,0,0,-0.3260,0.5272,0.2053,0,UNLEARNED,0,-1.0000,0,nan
heavy_d60/power_loss,ADAPTIVE_V1,0,0,0.0691,0.0178,0.0695,86,QUALIFIED,0,-1.0000,0,19.6358
heavy_d60/door,BASELINE_V4,0,0,-0.1779,0.4425,0.4145,0,UNLEARNED,0,-1.0000,0,nan
heavy_d60/door,ADAPTIVE_V1,0,0,0.0025,0.0443,0.0909,79,QUALIFIED,0,-1.0000,0,24.2591
heavy_d60/rollover,BASELINE_V4,0,0,-2.5231,3.3109,1.5478,0,UNLEARNED,0,-1.0000,0,nan
heavy_d60/rollover,ADAPTIVE_V1,0,0,-0.0017,0.0559,0.1186,84,QUALIFIED,0,-1.0000,0,11.8963
heavy_d60/vent_transition,BASELINE_V4,0,0,-0.1966,0.4739,0.4646,0,UNLEARNED,0,-1.0000,0,nan
heavy_d60/vent_transition,ADAPTIVE_V1,0,0,0.0101,0.0582,0.1548,92,QUALIFIED,0,-1.0000,0,6.0722
