plant,change,mode,high,emergency,mae_tail,p95_tail,ripple_tail,overshoot,conf_final,min_conf_after,t_qualified_s,t_mismatch_s,t_reconverge_s,min_hint_after,ff_min_after,ff_max_after,kh_err_pct,delay_err_s,vent_err_pct,mismatch_final,guard_events
light_d15,heater_100_to_150,BASELINE_V4,0,0,0.9256,1.7242,1.5332,0.0809,0,100.0000,-1.0000,-1.0000,-1.0000,1.0000,1000000000.0000,0.0000,nan,nan,nan,0,0
light_d15,heater_100_to_150,ADAPTIVE_V1,0,0,0.0336,0.0975,0.2063,0.2479,78,78.0000,1618.0000,-1.0000,-1.0000,1.0000,8.1229,21.4151,-36.3157,4.4840,-38.7036,0,0
light_d15,heater_100_to_60,BASELINE_V4,0,0,0.4902,0.6879,0.5892,-0.0194,0,100.0000,-1.0000,-1.0000,-1.0000,1.0000,1000000000.0000,0.0000,nan,nan,nan,0,0
light_d15,heater_100_to_60,ADAPTIVE_V1,0,0,0.5709,1.3552,1.2508,0.0696,29,21.0000,1618.0000,536.0000,12106.0000,0.0000,0.0000,20.4665,-4.8270,5.7177,-3.7857,3,0
light_d15,vent_1_to_2,BASELINE_V4,0,0,0.8151,2.0951,2.1890,-0.0194,0,100.0000,-1.0000,-1.0000,-1.0000,1.0000,1000000000.0000,0.0000,nan,nan,nan,0,0
light_d15,vent_1_to_2,ADAPTIVE_V1,0,0,0.0440,0.1617,0.2638,0.0704,79,78.0000,1618.0000,-1.0000,60.1000,1.0000,12.3311,37.8001,-4.4735,4.4840,-8.1729,0,0
light_d15,no_change_control,BASELINE_V4,0,0,0.4575,0.8220,0.7743,-0.0194,0,100.0000,-1.0000,-1.0000,-1.0000,1.0000,1000000000.0000,0.0000,nan,nan,nan,0,0
light_d15,no_change_control,ADAPTIVE_V1,0,0,0.0267,0.0879,0.1723,0.0696,79,78.0000,1618.0000,-1.0000,60.1000,1.0000,12.4110,25.0868,-4.4735,4.4840,-10.0319,0,0
medium_d15,heater_100_to_150,BASELINE_V4,0,0,0.2750,0.3928,0.3961,-0.0426,0,100.0000,-1.0000,-1.0000,-1.0000,1.0000,1000000000.0000,0.0000,nan,nan,nan,0,0
medium_d15,heater_100_to_150,ADAPTIVE_V1,0,0,0.0335,0.0739,0.1727,0.1707,93,91.0000,1308.0000,-1.0000,-1.0000,1.0000,12.1660,26.6922,-36.7381,4.1758,-28.4508,0,0
medium_d15,heater_100_to_60,BASELINE_V4,0,0,0.2864,0.4531,0.2825,-0.0929,0,100.0000,-1.0000,-1.0000,-1.0000,1.0000,1000000000.0000,0.0000,nan,nan,nan,0,0
medium_d15,heater_100_to_60,ADAPTIVE_V1,0,0,0.0381,0.0667,0.1357,0.0702,89,31.0000,1308.0000,536.0000,4160.0000,0.0000,0.0000,50.3566,22.9917,5.6819,-3.6544,1,0
medium_d15,vent_1_to_2,BASELINE_V4,0,0,0.3802,0.7899,0.7730,-0.0929,0,100.0000,-1.0000,-1.0000,-1.0000,1.0000,1000000000.0000,0.0000,nan,nan,nan,0,0
medium_d15,vent_1_to_2,ADAPTIVE_V1,0,0,0.0315,0.0652,0.1283,0.0702,94,91.0000,1308.0000,-1.0000,60.1000,1.0000,18.4871,45.0661,-5.1072,4.1758,-4.5668,0,0
medium_d15,no_change_control,BASELINE_V4,0,0,0.3427,0.5398,0.5596,-0.0929,0,100.0000,-1.0000,-1.0000,-1.0000,1.0000,1000000000.0000,0.0000,nan,nan,nan,0,0
medium_d15,no_change_control,ADAPTIVE_V1,0,0,0.0132,0.0425,0.1025,0.0702,95,91.0000,1308.0000,-1.0000,60.1000,1.0000,18.4350,32.1431,-5.1072,4.1758,-12.5728,0,0
medium_d60,heater_100_to_150,BASELINE_V4,0,0,0.3867,0.7340,1.0443,0.3005,0,100.0000,-1.0000,-1.0000,-1.0000,1.0000,1000000000.0000,0.0000,nan,nan,nan,0,0
medium_d60,heater_100_to_150,ADAPTIVE_V1,0,0,0.1015,0.2281,0.4415,0.3710,88,44.0000,1478.0000,-1.0000,-1.0000,0.0000,0.0000,29.9556,-37.8806,1.9566,-14.1996,0,1
medium_d60,heater_100_to_60,BASELINE_V4,0,0,0.5931,1.1322,1.0714,-0.0649,0,100.0000,-1.0000,-1.0000,-1.0000,1.0000,1000000000.0000,0.0000,nan,nan,nan,0,0
medium_d60,heater_100_to_60,ADAPTIVE_V1,0,0,0.6352,1.0195,0.8801,0.1370,79,30.0000,1478.0000,1460.0000,13292.0000,0.0000,0.0000,44.5483,9.4804,1.0668,-5.6021,2,0
medium_d60,vent_1_to_2,BASELINE_V4,0,0,0.5602,1.2035,1.2359,-0.0124,0,100.0000,-1.0000,-1.0000,-1.0000,1.0000,1000000000.0000,0.0000,nan,nan,nan,0,0
medium_d60,vent_1_to_2,ADAPTIVE_V1,0,0,0.0599,0.1900,0.2900,0.1370,89,88.0000,1478.0000,-1.0000,60.1000,1.0000,18.4550,44.3821,-6.8208,1.9570,-11.2582,0,0
medium_d60,no_change_control,BASELINE_V4,0,0,0.4452,0.9255,0.9849,0.0502,0,100.0000,-1.0000,-1.0000,-1.0000,1.0000,1000000000.0000,0.0000,nan,nan,nan,0,0
medium_d60,no_change_control,ADAPTIVE_V1,0,0,0.0330,0.1035,0.2342,0.1370,92,89.0000,1478.0000,-1.0000,60.1000,1.0000,18.5403,34.3326,-6.8209,1.9566,2.0396,0,0
heavy_d30,heater_100_to_150,BASELINE_V4,0,0,0.2966,0.3719,0.2680,-0.0866,0,100.0000,-1.0000,-1.0000,-1.0000,1.0000,1000000000.0000,0.0000,nan,nan,nan,0,0
heavy_d30,heater_100_to_150,ADAPTIVE_V1,0,0,0.0153,0.0326,0.0505,0.1830,85,80.0000,2756.0000,-1.0000,60.1000,1.0000,20.5273,35.7265,-14.1996,6.8202,-3.0057,0,0
heavy_d30,heater_100_to_60,BASELINE_V4,0,0,0.3842,0.4760,0.2038,-0.1659,0,100.0000,-1.0000,-1.0000,-1.0000,1.0000,1000000000.0000,0.0000,nan,nan,nan,0,0
heavy_d30,heater_100_to_60,ADAPTIVE_V1,0,0,0.0627,0.1175,0.0974,-0.0089,75,27.0000,2756.0000,1392.0000,-1.0000,0.0000,0.0000,71.0804,127.4376,6.6296,45.4090,1,0
heavy_d30,vent_1_to_2,BASELINE_V4,0,0,0.3796,0.6331,0.5427,-0.1622,0,100.0000,-1.0000,-1.0000,-1.0000,1.0000,1000000000.0000,0.0000,nan,nan,nan,0,0
heavy_d30,vent_1_to_2,ADAPTIVE_V1,0,0,0.0370,0.0746,0.1430,0.0770,72,26.0000,2756.0000,1302.0000,60.1000,0.0000,0.0000,54.1972,35.0237,9.0083,8.2808,1,0
heavy_d30,no_change_control,BASELINE_V4,0,0,0.3151,0.4444,0.3094,-0.1553,0,100.0000,-1.0000,-1.0000,-1.0000,1.0000,1000000000.0000,0.0000,nan,nan,nan,0,0
heavy_d30,no_change_control,ADAPTIVE_V1,0,0,0.0108,0.0239,0.0573,0.0642,80,26.0000,2756.0000,1286.0000,60.1000,0.0000,0.0000,45.1433,24.2549,4.9516,3.4709,1,0
