label,eff,capacity,loss,dead,lag,ambient,resolution,reach,class,reason,rejection,last_phase,tune_s,peak,high_tune,emergency_tune,kp,ki,kd,gain,gain_true,gain_err_pct,delay,delay_true,delay_err_s,coast100,coast_true,coast_err_c,hold,hold_true,ku,pu,confidence,ev_over,ev_mae,ev_p95,ev_ripple,post_over,post_mae,post_p95,post_ripple,post_settle,post_high,post_emergency,verdict,val_why,val_res,val_horizon_s,val_tail_s,val_hold
mini0,0.50000,180000.00000,120.00000,0.00000,8.00000,20.00000,0.01000,REACHABLE,ACCEPTED,SUCCESS,NONE,SUCCESS,2184.00000,37.71273,0,0,3.19257,0.00368,199.99997,0.00000,0.04444,0.00000,0.00000,8.00000,0.00000,0.00000,0.35556,0.00000,0.00000,26.25000,70.52335,394.66672,0,0.00000,0.00000,0.00000,0.00000,-0.08185,0.08641,0.08953,0.00833,8040,0,0,ACCEPTED_GOOD,-,0,0,0,0
mini1,0.70000,600000.00000,120.00000,30.00000,8.00000,20.00000,0.10000,REACHABLE,TIMEOUT,TOTAL_TIMEOUT,NONE,FAILED,2700.00000,37.82144,0,0,0.00000,0.00000,0.00000,0.00000,0.01867,0.00000,0.00000,38.00000,0.00000,0.00000,0.70933,0.00000,0.00000,18.75000,0.00000,0.00000,0,0.00000,0.00000,0.00000,0.00000,,,,,,,,TIMEOUT,-,0,0,0,0
mini2,1.00000,1600000.00000,120.00000,120.00000,8.00000,28.00000,0.01000,REACHABLE,TIMEOUT,PHASE_TIMEOUT,NONE,FAILED,1388.00000,37.99530,0,0,0.00000,0.00000,0.00000,0.00000,0.01000,0.00000,0.00000,128.00000,0.00000,0.00000,1.28000,0.00000,0.00000,7.12500,0.00000,0.00000,0,0.00000,0.00000,0.00000,0.00000,,,,,,,,TIMEOUT,-,0,0,0,0
mini3,1.50000,180000.00000,180.00000,15.00000,8.00000,28.00000,0.10000,SAFETY_LIMITED,SAFETY_ABORT,SAFETY_ABORT,NONE,FAILED,80.00000,38.15544,0,0,0.00000,0.00000,0.00000,0.00000,0.13333,0.00000,0.00000,23.00000,0.00000,0.00000,3.06667,0.00000,0.00000,7.12500,0.00000,0.00000,0,0.00000,0.00000,0.00000,0.00000,,,,,,,,SAFETY_ABORT,-,0,0,0,0
mini4,2.00000,600000.00000,180.00000,60.00000,8.00000,20.00000,0.01000,SAFETY_LIMITED,SAFETY_ABORT,SAFETY_ABORT,NONE,FAILED,228.00000,38.19829,0,0,0.00000,0.00000,0.00000,0.00000,0.05333,0.00000,0.00000,68.00000,0.00000,0.00000,3.62667,0.00000,0.00000,9.84375,0.00000,0.00000,0,0.00000,0.00000,0.00000,0.00000,,,,,,,,SAFETY_ABORT,-,0,0,0,0
mini5,0.50000,1600000.00000,180.00000,15.00000,8.00000,20.00000,0.10000,REACHABLE,TIMEOUT,PREHEAT_TIMEOUT,NONE,FAILED,900.00000,36.99981,0,0,0.00000,0.00000,0.00000,0.00000,0.00500,0.00000,0.00000,23.00000,0.00000,0.00000,0.11500,0.00000,0.00000,39.37500,0.00000,0.00000,0,0.00000,0.00000,0.00000,0.00000,,,,,,,,TIMEOUT,-,0,0,0,0
mini6,0.70000,180000.00000,300.00000,60.00000,8.00000,28.00000,0.01000,SAFETY_LIMITED,TIMEOUT,TOTAL_TIMEOUT,NONE,FAILED,2700.00000,37.86118,0,0,0.00000,0.00000,0.00000,0.00000,0.06222,0.00000,0.00000,68.00000,0.00000,0.00000,4.23111,0.00000,0.00000,25.44643,0.00000,0.00000,0,0.00000,0.00000,0.00000,0.00000,,,,,,,,TIMEOUT,-,0,0,0,0
mini7,1.00000,600000.00000,300.00000,0.00000,8.00000,28.00000,0.10000,REACHABLE,ACCEPTED,SUCCESS,NONE,SUCCESS,1508.00000,37.76836,0,0,4.12664,0.00614,200.00000,0.00000,0.02667,0.00000,0.00000,8.00000,0.00000,0.00000,0.21333,0.00000,0.00000,17.81250,63.93448,305.33334,0,0.00000,0.00000,0.00000,0.00000,-0.14625,0.59959,0.87469,0.72832,-1,0,0,ACCEPTED_BAD,-,0,0,0,0
mini8,1.50000,1600000.00000,300.00000,30.00000,8.00000,20.00000,0.01000,REACHABLE,TIMEOUT,TOTAL_TIMEOUT,NONE,FAILED,2700.00000,37.74622,0,0,0.00000,0.00000,0.00000,0.00000,0.01500,0.00000,0.00000,38.00000,0.00000,0.00000,0.57000,0.00000,0.00000,21.87500,0.00000,0.00000,0,0.00000,0.00000,0.00000,0.00000,,,,,,,,TIMEOUT,-,0,0,0,0
mini9,2.00000,180000.00000,120.00000,120.00000,8.00000,20.00000,0.10000,SAFETY_LIMITED,SAFETY_ABORT,SAFETY_ABORT,NONE,FAILED,200.00000,38.15594,0,0,0.00000,0.00000,0.00000,0.00000,0.17778,0.00000,0.00000,128.00000,0.00000,0.00000,22.75556,0.00000,0.00000,6.56250,0.00000,0.00000,0,0.00000,0.00000,0.00000,0.00000,,,,,,,,SAFETY_ABORT,-,0,0,0,0
mini10,0.50000,600000.00000,120.00000,30.00000,8.00000,28.00000,0.01000,REACHABLE,TIMEOUT,TOTAL_TIMEOUT,NONE,FAILED,2700.00000,37.78029,0,0,0.00000,0.00000,0.00000,0.00000,0.01333,0.00000,0.00000,38.00000,0.00000,0.00000,0.50667,0.00000,0.00000,14.25000,0.00000,0.00000,0,0.00000,0.00000,0.00000,0.00000,,,,,,,,TIMEOUT,-,0,0,0,0
mini11,0.70000,1600000.00000,120.00000,120.00000,8.00000,28.00000,0.10000,REACHABLE,TIMEOUT,PHASE_TIMEOUT,NONE,FAILED,1646.00000,37.92357,0,0,0.00000,0.00000,0.00000,0.00000,0.00700,0.00000,0.00000,128.00000,0.00000,0.00000,0.89600,0.00000,0.00000,10.17857,0.00000,0.00000,0,0.00000,0.00000,0.00000,0.00000,,,,,,,,TIMEOUT,-,0,0,0,0
mini12,1.00000,180000.00000,180.00000,15.00000,8.00000,20.00000,0.01000,REACHABLE,ACCEPTED,SUCCESS,NONE,SUCCESS,964.00000,37.91005,0,0,6.47260,0.01511,199.99998,0.00000,0.08889,0.00000,0.00000,23.00000,0.00000,0.00000,2.04444,0.00000,0.00000,19.68750,37.65781,194.66669,0,0.00000,0.00000,0.00000,0.00000,0.00627,0.00327,0.00532,0.01247,2399,0,0,ACCEPTED_GOOD,-,0,0,0,0
mini13,1.50000,600000.00000,180.00000,60.00000,8.00000,20.00000,0.10000,REACHABLE,SAFETY_ABORT,SAFETY_ABORT,NONE,FAILED,312.00000,38.15145,0,0,0.00000,0.00000,0.00000,0.00000,0.04000,0.00000,0.00000,68.00000,0.00000,0.00000,2.72000,0.00000,0.00000,13.12500,0.00000,0.00000,0,0.00000,0.00000,0.00000,0.00000,,,,,,,,SAFETY_ABORT,-,0,0,0,0
mini14,2.00000,1600000.00000,180.00000,0.00000,8.00000,28.00000,0.01000,REACHABLE,ACCEPTED,SUCCESS,NONE,SUCCESS,2380.00000,37.75781,0,0,2.27437,0.00187,199.99997,0.00000,0.02000,0.00000,0.00000,8.00000,0.00000,0.00000,0.16000,0.00000,0.00000,5.34375,82.13996,554.00000,0,0.00000,0.00000,0.00000,0.00000,0.01610,0.15405,0.17980,0.07053,-1,0,0,ACCEPTED_BAD,-,0,0,0,0
mini15,0.50000,180000.00000,300.00000,60.00000,8.00000,28.00000,0.10000,SAFETY_LIMITED,TIMEOUT,PREHEAT_TIMEOUT,NONE,FAILED,900.00000,36.99850,0,0,0.00000,0.00000,0.00000,0.00000,0.04444,0.00000,0.00000,68.00000,0.00000,0.00000,3.02222,0.00000,0.00000,35.62500,0.00000,0.00000,0,0.00000,0.00000,0.00000,0.00000,,,,,,,,TIMEOUT,-,0,0,0,0
mini16,0.70000,600000.00000,300.00000,0.00000,8.00000,20.00000,0.01000,REACHABLE,TIMEOUT,PREHEAT_TIMEOUT,NONE,FAILED,900.00000,36.99915,0,0,0.00000,0.00000,0.00000,0.00000,0.01867,0.00000,0.00000,8.00000,0.00000,0.00000,0.14933,0.00000,0.00000,46.87500,0.00000,0.00000,0,0.00000,0.00000,0.00000,0.00000,,,,,,,,TIMEOUT,-,0,0,0,0
mini17,1.00000,1600000.00000,300.00000,30.00000,8.00000,20.00000,0.10000,REACHABLE,TIMEOUT,PREHEAT_TIMEOUT,NONE,FAILED,900.00000,36.99968,0,0,0.00000,0.00000,0.00000,0.00000,0.01000,0.00000,0.00000,38.00000,0.00000,0.00000,0.38000,0.00000,0.00000,32.81250,0.00000,0.00000,0,0.00000,0.00000,0.00000,0.00000,,,,,,,,TIMEOUT,-,0,0,0,0
mini18,1.50000,180000.00000,120.00000,120.00000,8.00000,28.00000,0.01000,SAFETY_LIMITED,SAFETY_ABORT,SAFETY_ABORT,NONE,FAILED,194.70000,38.20328,1,0,0.00000,0.00000,0.00000,0.00000,0.13333,0.00000,0.00000,128.00000,0.00000,0.00000,17.06667,0.00000,0.00000,4.75000,0.00000,0.00000,0,0.00000,0.00000,0.00000,0.00000,,,,,,,,SAFETY_ABORT,-,0,0,0,0
mini19,2.00000,600000.00000,120.00000,15.00000,8.00000,28.00000,0.10000,REACHABLE,ACCEPTED,SUCCESS,NONE,SUCCESS,2262.00000,38.09709,0,0,2.30488,0.00192,199.99997,0.00000,0.05333,0.00000,0.00000,23.00000,0.00000,0.00000,1.22667,0.00000,0.00000,3.56250,42.45204,546.66669,0,0.00000,0.00000,0.00000,0.00000,-0.13972,0.35569,0.59649,0.46614,-1,0,0,ACCEPTED_BAD,-,0,0,0,0
mini20,0.50000,1600000.00000,120.00000,120.00000,8.00000,20.00000,0.01000,REACHABLE,TIMEOUT,PREHEAT_TIMEOUT,NONE,FAILED,900.00000,36.99987,0,0,0.00000,0.00000,0.00000,0.00000,0.00500,0.00000,0.00000,128.00000,0.00000,0.00000,0.64000,0.00000,0.00000,26.25000,0.00000,0.00000,0,0.00000,0.00000,0.00000,0.00000,,,,,,,,TIMEOUT,-,0,0,0,0
mini21,0.70000,180000.00000,180.00000,15.00000,8.00000,20.00000,0.10000,REACHABLE,TIMEOUT,TOTAL_TIMEOUT,NONE,FAILED,2700.00000,37.76792,0,0,0.00000,0.00000,0.00000,0.00000,0.06222,0.00000,0.00000,23.00000,0.00000,0.00000,1.43111,0.00000,0.00000,28.12500,0.00000,0.00000,0,0.00000,0.00000,0.00000,0.00000,,,,,,,,TIMEOUT,-,0,0,0,0
mini22,1.00000,600000.00000,180.00000,60.00000,8.00000,28.00000,0.01000,REACHABLE,ACCEPTED,SUCCESS,NONE,SUCCESS,2396.00000,38.05510,0,0,2.35661,0.00200,200.00000,0.00000,0.02667,0.00000,0.00000,68.00000,0.00000,0.00000,1.81333,0.00000,0.00000,10.68750,40.79113,534.66669,0,0.00000,0.00000,0.00000,0.00000,-0.02745,0.20693,0.30507,0.21530,-1,0,0,ACCEPTED_BAD,-,0,0,0,0
mini23,1.50000,1600000.00000,180.00000,0.00000,8.00000,28.00000,0.10000,REACHABLE,TIMEOUT,TOTAL_TIMEOUT,NONE,FAILED,2700.00000,37.77603,0,0,0.00000,0.00000,0.00000,0.00000,0.01500,0.00000,0.00000,8.00000,0.00000,0.00000,0.12000,0.00000,0.00000,7.12500,0.00000,0.00000,0,0.00000,0.00000,0.00000,0.00000,,,,,,,,TIMEOUT,-,0,0,0,0
mini24,2.00000,180000.00000,300.00000,30.00000,8.00000,20.00000,0.01000,SAFETY_LIMITED,SAFETY_ABORT,SAFETY_ABORT,NONE,FAILED,158.00000,38.19776,0,0,0.00000,0.00000,0.00000,0.00000,0.17778,0.00000,0.00000,38.00000,0.00000,0.00000,6.75556,0.00000,0.00000,16.40625,0.00000,0.00000,0,0.00000,0.00000,0.00000,0.00000,,,,,,,,SAFETY_ABORT,-,0,0,0,0
mini25,0.50000,600000.00000,300.00000,0.00000,8.00000,20.00000,0.10000,REACHABLE,TIMEOUT,PREHEAT_TIMEOUT,NONE,FAILED,900.00000,36.99915,0,0,0.00000,0.00000,0.00000,0.00000,0.01333,0.00000,0.00000,8.00000,0.00000,0.00000,0.10667,0.00000,0.00000,65.62500,0.00000,0.00000,0,0.00000,0.00000,0.00000,0.00000,,,,,,,,TIMEOUT,-,0,0,0,0
mini26,0.70000,1600000.00000,300.00000,30.00000,8.00000,28.00000,0.01000,REACHABLE,TIMEOUT,PREHEAT_TIMEOUT,NONE,FAILED,900.00000,37.23578,0,0,0.00000,0.00000,0.00000,0.00000,0.00700,0.00000,0.00000,38.00000,0.00000,0.00000,0.26600,0.00000,0.00000,25.44643,0.00000,0.00000,0,0.00000,0.00000,0.00000,0.00000,,,,,,,,TIMEOUT,-,0,0,0,0
mini27,1.00000,180000.00000,120.00000,120.00000,8.00000,28.00000,0.10000,SAFETY_LIMITED,SAFETY_ABORT,SAFETY_ABORT,NONE,FAILED,232.00000,38.15296,0,0,0.00000,0.00000,0.00000,0.00000,0.08889,0.00000,0.00000,128.00000,0.00000,0.00000,11.37778,0.00000,0.00000,7.12500,0.00000,0.00000,0,0.00000,0.00000,0.00000,0.00000,,,,,,,,SAFETY_ABORT,-,0,0,0,0
mini28,1.50000,600000.00000,120.00000,15.00000,8.00000,20.00000,0.01000,REACHABLE,ACCEPTED,SUCCESS,NONE,SUCCESS,1350.00000,37.92544,0,0,4.15385,0.00622,199.99998,0.00000,0.04000,0.00000,0.00000,23.00000,0.00000,0.00000,0.92000,0.00000,0.00000,8.75000,55.53653,303.33334,0,0.00000,0.00000,0.00000,0.00000,0.00309,0.02386,0.03525,0.03199,3922,0,0,ACCEPTED_GOOD,-,0,0,0,0
mini29,2.00000,1600000.00000,120.00000,60.00000,8.00000,20.00000,0.10000,REACHABLE,TIMEOUT,TOTAL_TIMEOUT,NONE,FAILED,2700.00000,38.06864,0,0,0.00000,0.00000,0.00000,0.00000,0.02000,0.00000,0.00000,68.00000,0.00000,0.00000,1.36000,0.00000,0.00000,6.56250,0.00000,0.00000,0,0.00000,0.00000,0.00000,0.00000,,,,,,,,TIMEOUT,-,0,0,0,0
mini30,0.50000,180000.00000,180.00000,15.00000,8.00000,28.00000,0.01000,REACHABLE,ACCEPTED,SUCCESS,NONE,SUCCESS,1426.00000,37.78317,0,0,4.50000,0.00731,199.99998,0.00000,0.04444,0.00000,0.00000,23.00000,0.00000,0.00000,1.02222,0.00000,0.00000,21.37500,54.56596,280.00000,0,0.00000,0.00000,0.00000,0.00000,-0.04895,0.07275,0.08632,0.03268,4569,0,0,ACCEPTED_GOOD,-,0,0,0,0
mini31,0.70000,600000.00000,180.00000,60.00000,8.00000,28.00000,0.10000,REACHABLE,TIMEOUT,TOTAL_TIMEOUT,NONE,FAILED,2700.00000,37.92230,0,0,0.00000,0.00000,0.00000,0.00000,0.01867,0.00000,0.00000,68.00000,0.00000,0.00000,1.26933,0.00000,0.00000,15.26786,0.00000,0.00000,0,0.00000,0.00000,0.00000,0.00000,,,,,,,,TIMEOUT,-,0,0,0,0
mini32,1.00000,1600000.00000,180.00000,0.00000,8.00000,20.00000,0.01000,REACHABLE,TIMEOUT,TOTAL_TIMEOUT,NONE,FAILED,2700.00000,37.70959,0,0,0.00000,0.00000,0.00000,0.00000,0.01000,0.00000,0.00000,8.00000,0.00000,0.00000,0.08000,0.00000,0.00000,19.68750,0.00000,0.00000,0,0.00000,0.00000,0.00000,0.00000,,,,,,,,TIMEOUT,-,0,0,0,0
mini33,1.50000,180000.00000,300.00000,30.00000,8.00000,20.00000,0.10000,SAFETY_LIMITED,ACCEPTED,SUCCESS,NONE,SUCCESS,1286.00000,38.10548,0,0,4.84615,0.00847,199.99998,0.00000,0.13333,0.00000,0.00000,38.00000,0.00000,0.00000,5.06667,0.00000,0.00000,21.87500,20.03947,260.00000,0,0.00000,0.00000,0.00000,0.00000,0.12005,0.08045,0.21192,0.37329,-1,0,0,ACCEPTED_GOOD,-,0,0,0,0
mini34,2.00000,600000.00000,300.00000,120.00000,8.00000,28.00000,0.01000,SAFETY_LIMITED,SAFETY_ABORT,SAFETY_ABORT,NONE,FAILED,297.70000,38.20190,1,0,0.00000,0.00000,0.00000,0.00000,0.05333,0.00000,0.00000,128.00000,0.00000,0.00000,6.82667,0.00000,0.00000,8.90625,0.00000,0.00000,0,0.00000,0.00000,0.00000,0.00000,,,,,,,,SAFETY_ABORT,-,0,0,0,0
mini35,0.50000,1600000.00000,300.00000,30.00000,8.00000,28.00000,0.10000,REACHABLE,TIMEOUT,PREHEAT_TIMEOUT,NONE,FAILED,900.00000,36.99983,0,0,0.00000,0.00000,0.00000,0.00000,0.00500,0.00000,0.00000,38.00000,0.00000,0.00000,0.19000,0.00000,0.00000,35.62500,0.00000,0.00000,0,0.00000,0.00000,0.00000,0.00000,,,,,,,,TIMEOUT,-,0,0,0,0
