label,eff,cap_kJ,loss,dead,lag,amb,res,start_err,kh_true,peak_60s,t_peak,on_s_first180,High,Emerg,confidence_end
m1828#1828,2.0,180,120,60,30,25,0.10,12.5,0.178,39.41,240,89,1,1,18
m1832#1832,2.0,180,120,120,30,10,0.10,27.5,0.178,39.07,360,166,1,1,80
m1868#1868,2.0,180,180,60,3,25,0.10,12.5,0.178,38.94,180,83,1,1,44
m1876#1876,2.0,180,180,120,30,25,0.10,12.5,0.178,38.51,360,89,1,0,27
m1908#1908,2.0,180,300,60,8,25,0.10,12.5,0.178,38.39,180,83,1,0,85
m1830#1830,2.0,180,120,60,3,28,0.01,9.5,0.178,38.47,180,62,1,0,18
m1838#1838,2.0,180,120,120,30,28,0.01,9.5,0.178,38.74,360,68,1,0,28
m1870#1870,2.0,180,180,60,8,28,0.01,9.5,0.178,38.62,180,64,1,0,18
m1823#1823,2.0,180,120,30,30,35,0.01,2.5,0.178,38.49,180,21,1,0,38
m1831#1831,2.0,180,120,60,8,35,0.01,2.5,0.178,38.59,120,21,1,0,38
m1839#1839,2.0,180,120,120,3,35,0.01,2.5,0.178,38.72,180,21,1,0,38
m1855#1855,2.0,180,180,15,8,35,0.01,2.5,0.178,38.14,120,19,1,0,38
m1863#1863,2.0,180,180,30,3,35,0.01,2.5,0.178,38.52,120,21,1,0,38
m1871#1871,2.0,180,180,60,30,35,0.01,2.5,0.178,38.27,180,21,1,0,38
m1879#1879,2.0,180,180,120,8,35,0.01,2.5,0.178,38.56,180,21,1,0,38
m1903#1903,2.0,180,300,30,8,35,0.01,2.5,0.178,38.45,120,21,1,0,38
m1911#1911,2.0,180,300,60,3,35,0.01,2.5,0.178,38.62,120,21,1,0,18
m1919#1919,2.0,180,300,120,30,35,0.01,2.5,0.178,38.23,240,21,1,0,38
