label,cls,eff,capacity,loss,dead,lag,ambient,res,cause,severity,B_margin,C_margin,C_mae,C_settle,holdErr_smart,khErr_smart,mism_smart,B_settle
m309#309,REACHABLE,0.5000,1600000.0000,180.0000,60.0000,3.0000,25.0000,0.1000,BOTH_PARTS,MODERATE,0.82,2.19,0.1933,-1,0.3185,48.4856,1,5178
m12#12,REACHABLE,0.5000,180000.0000,120.0000,15.0000,8.0000,25.0000,0.1000,HOLD_FASTTRACK,MARGINAL(C<=1.5x limit),0.99,1.19,0.1187,1752,-0.2309,-6.6039,0,1896
m124#124,REACHABLE,0.5000,600000.0000,120.0000,0.0000,30.0000,25.0000,0.1000,HOLD_FASTTRACK,MARGINAL(C<=1.5x limit),0.6,1.2,0.1200,8762,-0.7835,-31.0040,0,4273
m1288#1288,REACHABLE,1.2000,600000.0000,300.0000,15.0000,8.0000,10.0000,0.1000,HOLD_FASTTRACK,MARGINAL(C<=1.5x limit),0.85,1.19,0.1188,4760,-0.2187,-5.7790,0,4999
m1592#1592,SAFETY_LIMITED,1.5000,600000.0000,120.0000,120.0000,30.0000,10.0000,0.1000,HOLD_FASTTRACK,MARGINAL(C<=1.5x limit),0.67,0.85,0.0720,-1,-0.1135,-24.9644,0,8982
m1736#1736,REACHABLE,1.5000,1600000.0000,180.0000,30.0000,30.0000,10.0000,0.1000,HOLD_FASTTRACK,MARGINAL(C<=1.5x limit),0.79,1.08,0.0817,-1,-0.2776,-10.7614,0,7408
m1737#1737,REACHABLE,1.5000,1600000.0000,180.0000,30.0000,30.0000,10.0000,0.1000,HOLD_FASTTRACK,MARGINAL(C<=1.5x limit),0.54,1.32,0.1324,-1,0.1444,-9.4535,0,7343
m250#250,REACHABLE,0.5000,1600000.0000,120.0000,15.0000,3.0000,20.0000,0.1000,HOLD_FASTTRACK,MARGINAL(C<=1.5x limit),0.2,0.94,0.0460,-1,0.1964,25.8223,1,5367
m266#266,REACHABLE,0.5000,1600000.0000,120.0000,60.0000,8.0000,20.0000,0.1000,HOLD_FASTTRACK,MARGINAL(C<=1.5x limit),0.8,1.27,0.0872,-1,0.0546,29.9034,1,7771
m457#457,REACHABLE,0.7000,180000.0000,300.0000,30.0000,3.0000,10.0000,0.1000,HOLD_FASTTRACK,MARGINAL(C<=1.5x limit),0.28,1.34,0.0587,-1,0.0477,-2.5081,0,5056
m482#482,REACHABLE,0.7000,600000.0000,120.0000,0.0000,8.0000,20.0000,0.1000,HOLD_FASTTRACK,MARGINAL(C<=1.5x limit),0.5,1.23,0.1229,2768,-0.1313,-7.1234,0,2858
m539#539,REACHABLE,0.7000,600000.0000,180.0000,30.0000,3.0000,20.0000,0.1000,HOLD_FASTTRACK,MARGINAL(C<=1.5x limit),0.83,1.34,0.1345,-1,0.1980,-0.5619,0,3396
m1051#1051,REACHABLE,1.0000,1600000.0000,300.0000,15.0000,30.0000,20.0000,0.1000,HOLD_FASTTRACK,MODERATE,0.42,2.79,0.1257,-1,0.3335,19.4300,2,7215
m1420#1420,REACHABLE,1.2000,1600000.0000,300.0000,30.0000,30.0000,25.0000,0.1000,HOLD_FASTTRACK,MODERATE,0.82,2.89,0.1645,-1,0.4384,-4.5653,1,5821
m308#308,REACHABLE,0.5000,1600000.0000,180.0000,60.0000,3.0000,25.0000,0.1000,HOLD_FASTTRACK,MODERATE,0.84,1.94,0.0998,-1,-2.9692,42.0995,1,5928
m677#677,REACHABLE,0.7000,1600000.0000,180.0000,120.0000,30.0000,25.0000,0.1000,INTERACTION,MARGINAL(C<=1.5x limit),0.7,1.14,0.1049,-1,-0.1246,-37.2038,0,8757
m268#268,REACHABLE,0.5000,1600000.0000,120.0000,60.0000,30.0000,25.0000,0.1000,INTERACTION,MODERATE,0.77,1.69,0.0950,-1,-0.2321,22.3223,1,7775
m669#669,REACHABLE,0.7000,1600000.0000,180.0000,60.0000,3.0000,25.0000,0.1000,INTERACTION,MODERATE,0.79,1.8,0.0964,-1,-4.3152,31.4837,1,4235
m1130#1130,REACHABLE,1.2000,180000.0000,180.0000,15.0000,8.0000,20.0000,0.1000,STARTUP,GROSS(MAE>0.5),0.87,18.51,1.8511,-1,-1.1339,2.0863,0,4218
m1498#1498,SAFETY_LIMITED,1.5000,180000.0000,180.0000,30.0000,3.0000,20.0000,0.1000,STARTUP,GROSS(MAE>0.5),0.57,15.91,1.5913,-1,-13.1250,2.7169,0,1443
m1522#1522,REACHABLE,1.5000,180000.0000,300.0000,0.0000,3.0000,20.0000,0.1000,STARTUP,GROSS(MAE>0.5),0.42,33.22,3.3218,-1,-21.8750,-5.5557,0,4906
m1816#1816,SAFETY_LIMITED,2.0000,180000.0000,120.0000,30.0000,8.0000,10.0000,0.1000,STARTUP,GROSS(MAE>0.5),0.62,16.43,1.6425,-1,-10.3125,-12.8624,0,1636
m1890#1890,SAFETY_LIMITED,2.0000,180000.0000,300.0000,15.0000,30.0000,20.0000,0.1000,STARTUP,GROSS(MAE>0.5),0.64,18.59,1.8587,-1,-16.4062,-45.1983,0,1559
m1897#1897,SAFETY_LIMITED,2.0000,180000.0000,300.0000,30.0000,3.0000,10.0000,0.1000,STARTUP,GROSS(MAE>0.5),0.52,24.42,2.4422,-1,-18.7500,-2.7184,0,2237
m2038#2038,SAFETY_LIMITED,2.0000,600000.0000,300.0000,120.0000,8.0000,28.0000,0.0100,STARTUP,GROSS(MAE>0.5),0.08,6.44,0.6438,-1,-6.1057,-18.0183,0,2257
m37#37,SAFETY_LIMITED,0.5000,180000.0000,120.0000,120.0000,8.0000,25.0000,0.1000,STARTUP,GROSS(MAE>0.5),0.78,6.63,0.6632,-1,-8.5879,-11.8509,0,7092
m714#714,REACHABLE,0.7000,1600000.0000,300.0000,120.0000,30.0000,20.0000,0.1000,STARTUP,GROSS(MAE>0.5),0.73,6.65,0.6655,-1,-36.8599,-35.4927,0,7777
m715#715,REACHABLE,0.7000,1600000.0000,300.0000,120.0000,30.0000,20.0000,0.1000,STARTUP,GROSS(MAE>0.5),0.66,6.32,0.6318,-1,-30.8291,-30.8541,0,7308
m1104#1104,SAFETY_LIMITED,1.2000,180000.0000,120.0000,60.0000,3.0000,10.0000,0.1000,STARTUP,MARGINAL(C<=1.5x limit),0.27,1.14,0.0530,-1,-0.0876,-2.9666,0,2898
m1108#1108,SAFETY_LIMITED,1.2000,180000.0000,120.0000,60.0000,30.0000,25.0000,0.1000,STARTUP,MARGINAL(C<=1.5x limit),0.69,1.32,0.0976,-1,0.0844,-35.3729,0,1121
m1238#1238,SAFETY_LIMITED,1.2000,600000.0000,120.0000,120.0000,30.0000,28.0000,0.0100,STARTUP,MARGINAL(C<=1.5x limit),0.07,1.29,0.0835,-1,-0.1532,-56.3230,0,3330
m1453#1453,SAFETY_LIMITED,1.5000,180000.0000,120.0000,15.0000,8.0000,25.0000,0.1000,STARTUP,MARGINAL(C<=1.5x limit),0.49,1.45,0.1453,-1,-0.0810,-86.5298,0,2391
m1457#1457,SAFETY_LIMITED,1.5000,180000.0000,120.0000,30.0000,8.0000,10.0000,0.1000,STARTUP,MARGINAL(C<=1.5x limit),0.66,1.12,0.1118,2645,-0.0262,-11.2516,0,2531
m1481#1481,REACHABLE,1.5000,180000.0000,180.0000,0.0000,8.0000,10.0000,0.1000,STARTUP,MARGINAL(C<=1.5x limit),0.41,1.47,0.1470,-1,-0.1319,-7.1248,0,2385
m1593#1593,SAFETY_LIMITED,1.5000,600000.0000,120.0000,120.0000,30.0000,10.0000,0.1000,STARTUP,MARGINAL(C<=1.5x limit),0.89,1.35,0.0996,-1,-0.6806,-28.7794,0,8956
m1670#1670,SAFETY_LIMITED,1.5000,600000.0000,300.0000,60.0000,30.0000,28.0000,0.0100,STARTUP,MARGINAL(C<=1.5x limit),0.78,1.34,0.0796,5846,-0.0727,-34.3634,0,2885
m1841#1841,REACHABLE,2.0000,180000.0000,180.0000,0.0000,8.0000,10.0000,0.1000,STARTUP,MARGINAL(C<=1.5x limit),0.26,1.49,0.1490,-1,-0.0795,-17.1837,0,2923
m1848#1848,SAFETY_LIMITED,2.0000,180000.0000,180.0000,15.0000,3.0000,10.0000,0.1000,STARTUP,MARGINAL(C<=1.5x limit),0.99,0.87,0.0684,-1,-0.2035,-4.5409,0,4329
m747#747,SAFETY_LIMITED,1.0000,180000.0000,120.0000,60.0000,8.0000,20.0000,0.1000,STARTUP,MARGINAL(C<=1.5x limit),0.27,0.95,0.0519,-1,0.0852,-5.8784,0,2040
m907#907,REACHABLE,1.0000,600000.0000,180.0000,60.0000,30.0000,20.0000,0.1000,STARTUP,MARGINAL(C<=1.5x limit),0.73,1.0,0.0417,3671,-0.0868,-35.1786,0,5022
m1092#1092,REACHABLE,1.2000,180000.0000,120.0000,15.0000,8.0000,25.0000,0.1000,STARTUP,MODERATE,0.81,2.16,0.1763,-1,0.4732,-59.4181,0,3804
m1484#1484,REACHABLE,1.5000,180000.0000,180.0000,0.0000,3.0000,25.0000,0.1000,STARTUP,MODERATE,0.22,1.52,0.1517,-1,-0.1408,-88.8292,0,2387
m1598#1598,SAFETY_LIMITED,1.5000,600000.0000,120.0000,120.0000,30.0000,28.0000,0.0100,STARTUP,MODERATE,0.11,1.71,0.1287,-1,0.9031,-61.2372,0,3398
m1800#1800,REACHABLE,2.0000,180000.0000,120.0000,0.0000,3.0000,10.0000,0.1000,STARTUP,MODERATE,0.49,1.53,0.1532,-1,-0.0611,-1.8616,0,2239
m1948#1948,SAFETY_LIMITED,2.0000,600000.0000,120.0000,60.0000,30.0000,25.0000,0.1000,STARTUP,MODERATE,0.89,1.69,0.0270,4895,-0.0491,-34.7217,0,4805
m1996#1996,SAFETY_LIMITED,2.0000,600000.0000,180.0000,120.0000,30.0000,25.0000,0.1000,STARTUP,MODERATE,0.86,2.81,0.2090,-1,-0.4085,-52.9894,0,8563
m28#28,SAFETY_LIMITED,0.5000,180000.0000,120.0000,60.0000,30.0000,25.0000,0.1000,STARTUP,MODERATE,0.85,1.82,0.1492,-1,-0.4655,-31.3086,0,8918
m989#989,REACHABLE,1.0000,1600000.0000,120.0000,60.0000,30.0000,25.0000,0.1000,STARTUP,MODERATE,0.58,2.55,0.2553,-1,0.9419,-22.4829,1,4090
