label,cause
m12#12,HOLD_FASTTRACK
m28#28,STARTUP
m124#124,HOLD_FASTTRACK
m1092#1092,STARTUP
m1104#1104,STARTUP
m1108#1108,STARTUP
m1288#1288,HOLD_FASTTRACK
m1484#1484,STARTUP
m1592#1592,HOLD_FASTTRACK
m1736#1736,HOLD_FASTTRACK
m1800#1800,STARTUP
m1816#1816,STARTUP
m1848#1848,STARTUP
m1948#1948,STARTUP
m1996#1996,STARTUP
m37#37,STARTUP
m457#457,HOLD_FASTTRACK
m677#677,BOTH_NEEDED
m989#989,STARTUP
m1453#1453,STARTUP
m1457#1457,STARTUP
m1481#1481,STARTUP
m1593#1593,STARTUP
m1737#1737,HOLD_FASTTRACK
m1841#1841,STARTUP
m1897#1897,STARTUP
m482#482,HOLD_FASTTRACK
m650#650,HOLD_FASTTRACK
m714#714,STARTUP
m1130#1130,STARTUP
m1238#1238,STARTUP
m1498#1498,STARTUP
m1522#1522,STARTUP
m1598#1598,STARTUP
m1670#1670,STARTUP
m1890#1890,STARTUP
m2038#2038,STARTUP
m539#539,HOLD_FASTTRACK
m715#715,STARTUP
m747#747,STARTUP
m907#907,STARTUP
