plant,eff,capacity_kj_per_c,loss,dead,lag,fault,fault_at_s,sp,true_peak_c,t_true_high_s,t_true_emergency_s,s_above_emergency,kj_delivered_above_emergency,firmware_first_cut,t_firmware_cut_s,firmware_max_seen_c,true_over_emergency_before_cut
light_1x,1,180,180,15,8,NONE,-1,37.5,37.57,-1.00,-1.00,0.00,0.00,NONE,-1.00,37.60,0
light_1x,1,1.8e+02,1.8e+02,15,8,STUCK_LOW_30C,6e+02,38,61.44,656.30,667.00,2119.60,9057.60,SENSOR_FROZEN,1800.00,36.00,1
light_1x,1,1.8e+02,1.8e+02,15,8,STUCK_LOW_30C,5.4e+03,38,61.41,5464.20,5477.40,1952.50,8300.80,E115_HEATER_NOT_HEATING,6444.70,36.40,1
light_1x,1,1.8e+02,1.8e+02,15,8,STUCK_AT_LAST_READING,6e+02,38,50.07,1264.60,1344.00,1459.20,4929.60,SENSOR_FROZEN,2194.20,36.00,1
light_1x,1,1.8e+02,1.8e+02,15,8,STUCK_AT_LAST_READING,5.4e+03,38,48.09,5778.40,5840.40,1283.20,4185.60,SENSOR_FROZEN,6598.00,36.40,1
light_1x,1,1.8e+02,1.8e+02,15,8,OFFSET_LOW_3C,6e+02,38,40.56,724.50,1640.50,9122.60,25542.40,NONE,-1.00,37.60,1
light_1x,1,1.8e+02,1.8e+02,15,8,OFFSET_LOW_3C,5.4e+03,38,39.19,5469.10,5546.00,1284.30,1048.00,E115_HEATER_NOT_HEATING,8906.80,36.40,1
light_1x,1,1.8e+02,1.8e+02,15,8,DRIFT_LOW_1C_PER_MIN,6e+02,38,44.03,890.70,946.60,3985.10,12915.20,E115_HEATER_NOT_HEATING,4639.80,36.00,1
light_1x,1,1.8e+02,1.8e+02,15,8,DRIFT_LOW_1C_PER_MIN,5.4e+03,38,44.02,5635.80,5711.50,2477.40,7804.80,E115_HEATER_NOT_HEATING,7856.90,36.40,1
light_1x,1,1.8e+02,1.8e+02,15,8,STUCK_HIGH_45C,6e+02,38,36.00,-1.00,-1.00,0.00,0.00,EMERGENCY_TRIP,600.00,45.00,0
light_1x,1,1.8e+02,1.8e+02,15,8,STUCK_HIGH_45C,5.4e+03,38,36.37,-1.00,-1.00,0.00,0.00,EMERGENCY_TRIP,5400.00,45.00,0
medium_1x,1,6e+02,1.8e+02,15,8,NONE,-1,38,37.57,-1.00,-1.00,0.00,0.00,NONE,-1.00,37.60,0
medium_1x,1,6e+02,1.8e+02,15,8,STUCK_LOW_30C,6e+02,38,43.94,1257.80,1297.50,1533.30,4363.20,SENSOR_FROZEN,1800.00,32.40,1
medium_1x,1,6e+02,1.8e+02,15,8,STUCK_LOW_30C,5.4e+03,38,55.44,5463.60,5506.80,3441.60,13006.40,E115_HEATER_NOT_HEATING,6327.80,37.60,1
medium_1x,1,6e+02,1.8e+02,15,8,STUCK_AT_LAST_READING,6e+02,38,41.22,1366.50,1513.90,798.60,1881.60,SENSOR_FROZEN,1798.00,32.40,1
medium_1x,1,6e+02,1.8e+02,15,8,STUCK_AT_LAST_READING,5.4e+03,38,37.59,-1.00,-1.00,0.00,0.00,NONE,-1.00,37.60,0
medium_1x,1,6e+02,1.8e+02,15,8,OFFSET_LOW_3C,6e+02,38,40.57,1139.00,1283.80,9516.20,27249.60,NONE,-1.00,37.60,1
medium_1x,1,6e+02,1.8e+02,15,8,OFFSET_LOW_3C,5.4e+03,38,40.57,5464.60,5515.60,5284.40,15435.20,NONE,-1.00,37.60,1
medium_1x,1,6e+02,1.8e+02,15,8,DRIFT_LOW_1C_PER_MIN,6e+02,38,45.57,1033.00,1068.40,9731.60,39185.60,NONE,-1.00,37.60,1
medium_1x,1,6e+02,1.8e+02,15,8,DRIFT_LOW_1C_PER_MIN,5.4e+03,38,45.56,5533.10,5582.20,5217.80,22691.20,NONE,-1.00,37.60,1
medium_1x,1,6e+02,1.8e+02,15,8,STUCK_HIGH_45C,6e+02,38,32.83,-1.00,-1.00,0.00,0.00,EMERGENCY_TRIP,600.00,45.00,0
medium_1x,1,6e+02,1.8e+02,15,8,STUCK_HIGH_45C,5.4e+03,38,37.57,-1.00,-1.00,0.00,0.00,EMERGENCY_TRIP,5400.00,45.00,0
heavy_1x,1,1.6e+03,1.8e+02,15,8,NONE,-1,38,37.48,-1.00,-1.00,0.00,0.00,NONE,-1.00,37.50,0
heavy_1x,1,1.6e+03,1.8e+02,15,8,STUCK_LOW_30C,6e+02,38,33.27,-1.00,-1.00,0.00,0.00,SENSOR_FROZEN,1800.00,30.00,0
heavy_1x,1,1.6e+03,1.8e+02,15,8,STUCK_LOW_30C,5.4e+03,38,44.69,5553.60,5670.20,3760.30,10992.00,E115_HEATER_NOT_HEATING,6362.60,37.50,1
heavy_1x,1,1.6e+03,1.8e+02,15,8,STUCK_AT_LAST_READING,6e+02,38,34.30,-1.00,-1.00,0.00,0.00,SENSOR_FROZEN,1772.00,28.40,0
heavy_1x,1,1.6e+03,1.8e+02,15,8,STUCK_AT_LAST_READING,5.4e+03,38,52.26,5967.30,6498.60,4301.40,36721.60,NONE,-1.00,37.50,1
heavy_1x,1,1.6e+03,1.8e+02,15,8,OFFSET_LOW_3C,6e+02,38,40.51,2416.90,2665.70,8134.30,24883.20,NONE,-1.00,37.50,1
heavy_1x,1,1.6e+03,1.8e+02,15,8,OFFSET_LOW_3C,5.4e+03,38,40.56,5560.00,5742.50,5057.50,16291.20,NONE,-1.00,37.60,1
heavy_1x,1,1.6e+03,1.8e+02,15,8,DRIFT_LOW_1C_PER_MIN,6e+02,38,36.25,-1.00,-1.00,0.00,0.00,E115_HEATER_NOT_HEATING,1936.80,28.40,0
heavy_1x,1,1.6e+03,1.8e+02,15,8,DRIFT_LOW_1C_PER_MIN,5.4e+03,38,43.76,5639.30,5793.50,3754.20,10808.00,E115_HEATER_NOT_HEATING,6914.50,37.50,1
heavy_1x,1,1.6e+03,1.8e+02,15,8,STUCK_HIGH_45C,6e+02,38,28.40,-1.00,-1.00,0.00,0.00,EMERGENCY_TRIP,600.00,45.00,0
heavy_1x,1,1.6e+03,1.8e+02,15,8,STUCK_HIGH_45C,5.4e+03,38,37.48,-1.00,-1.00,0.00,0.00,EMERGENCY_TRIP,5400.00,45.00,0
light_half,0.5,1.8e+02,1.8e+02,15,8,NONE,-1,38,35.69,-1.00,-1.00,0.00,0.00,E115_HEATER_NOT_HEATING,5524.90,35.70,0
light_half,0.5,1.8e+02,1.8e+02,15,8,STUCK_LOW_30C,6e+02,38,44.68,977.50,1125.80,1038.80,2924.80,SENSOR_FROZEN,1800.00,34.30,1
light_half,0.5,1.8e+02,1.8e+02,15,8,STUCK_LOW_30C,5.4e+03,38,36.31,-1.00,-1.00,0.00,0.00,E115_HEATER_NOT_HEATING,5444.90,35.70,0
light_half,0.5,1.8e+02,1.8e+02,15,8,STUCK_AT_LAST_READING,6e+02,38,38.48,1992.40,-1.00,0.00,0.00,SENSOR_FROZEN,1984.20,34.30,0
light_half,0.5,1.8e+02,1.8e+02,15,8,STUCK_AT_LAST_READING,5.4e+03,38,35.69,-1.00,-1.00,0.00,0.00,E115_HEATER_NOT_HEATING,5624.70,35.70,0
light_half,0.5,1.8e+02,1.8e+02,15,8,OFFSET_LOW_3C,6e+02,38,38.42,1257.40,-1.00,0.00,0.00,E115_HEATER_NOT_HEATING,4792.20,35.40,0
light_half,0.5,1.8e+02,1.8e+02,15,8,OFFSET_LOW_3C,5.4e+03,38,36.07,-1.00,-1.00,0.00,0.00,E115_HEATER_NOT_HEATING,5487.00,35.70,0
light_half,0.5,1.8e+02,1.8e+02,15,8,DRIFT_LOW_1C_PER_MIN,6e+02,38,42.67,1014.30,1041.00,1842.90,5280.80,E115_HEATER_NOT_HEATING,2690.00,34.70,1
light_half,0.5,1.8e+02,1.8e+02,15,8,DRIFT_LOW_1C_PER_MIN,5.4e+03,38,35.93,-1.00,-1.00,0.00,0.00,E115_HEATER_NOT_HEATING,5520.10,35.70,0
light_half,0.5,1.8e+02,1.8e+02,15,8,STUCK_HIGH_45C,6e+02,38,34.79,-1.00,-1.00,0.00,0.00,EMERGENCY_TRIP,600.00,45.00,0
light_half,0.5,1.8e+02,1.8e+02,15,8,STUCK_HIGH_45C,5.4e+03,38,35.69,-1.00,-1.00,0.00,0.00,EMERGENCY_TRIP,5400.00,45.00,0
medium_half,0.5,6e+02,1.8e+02,15,8,NONE,-1,38,37.56,-1.00,-1.00,0.00,0.00,NONE,-1.00,37.60,0
medium_half,0.5,6e+02,1.8e+02,15,8,STUCK_LOW_30C,6e+02,38,34.82,-1.00,-1.00,0.00,0.00,SENSOR_FROZEN,1800.00,30.00,0
medium_half,0.5,6e+02,1.8e+02,15,8,STUCK_LOW_30C,5.4e+03,38,44.92,5526.50,5632.80,1914.30,5653.60,E115_HEATER_NOT_HEATING,6342.20,37.60,1
medium_half,0.5,6e+02,1.8e+02,15,8,STUCK_AT_LAST_READING,6e+02,38,35.01,-1.00,-1.00,0.00,0.00,SENSOR_FROZEN,1748.00,29.10,0
medium_half,0.5,6e+02,1.8e+02,15,8,STUCK_AT_LAST_READING,5.4e+03,38,37.60,-1.00,-1.00,0.00,0.00,NONE,-1.00,37.60,0
medium_half,0.5,6e+02,1.8e+02,15,8,OFFSET_LOW_3C,6e+02,38,40.56,2353.50,2602.20,8197.80,23376.80,NONE,-1.00,37.60,1
medium_half,0.5,6e+02,1.8e+02,15,8,OFFSET_LOW_3C,5.4e+03,38,40.56,5528.80,5691.60,5108.40,15085.60,NONE,-1.00,37.60,1
medium_half,0.5,6e+02,1.8e+02,15,8,DRIFT_LOW_1C_PER_MIN,6e+02,38,45.35,2023.60,2145.10,5342.50,17291.20,E115_HEATER_NOT_HEATING,6391.70,37.40,1
medium_half,0.5,6e+02,1.8e+02,15,8,DRIFT_LOW_1C_PER_MIN,5.4e+03,38,42.99,5656.10,5815.90,1883.60,5294.40,E115_HEATER_NOT_HEATING,6837.10,37.60,1
medium_half,0.5,6e+02,1.8e+02,15,8,STUCK_HIGH_45C,6e+02,38,29.22,-1.00,-1.00,0.00,0.00,EMERGENCY_TRIP,600.00,45.00,0
medium_half,0.5,6e+02,1.8e+02,15,8,STUCK_HIGH_45C,5.4e+03,38,37.56,-1.00,-1.00,0.00,0.00,EMERGENCY_TRIP,5400.00,45.00,0
heavy_half,0.5,1.6e+03,1.8e+02,15,8,NONE,-1,38,37.48,-1.00,-1.00,0.00,0.00,NONE,-1.00,37.50,0
heavy_half,0.5,1.6e+03,1.8e+02,15,8,STUCK_LOW_30C,6e+02,38,29.26,-1.00,-1.00,0.00,0.00,SENSOR_FROZEN,1800.00,30.00,0
heavy_half,0.5,1.6e+03,1.8e+02,15,8,STUCK_LOW_30C,5.4e+03,38,40.45,5682.10,5912.70,1319.90,3314.40,E115_HEATER_NOT_HEATING,6327.00,37.40,1
heavy_half,0.5,1.6e+03,1.8e+02,15,8,STUCK_AT_LAST_READING,6e+02,38,30.21,-1.00,-1.00,0.00,0.00,SENSOR_FROZEN,1776.00,26.80,0
heavy_half,0.5,1.6e+03,1.8e+02,15,8,STUCK_AT_LAST_READING,5.4e+03,38,42.55,7095.60,8095.70,2704.30,13317.60,NONE,-1.00,37.40,1
heavy_half,0.5,1.6e+03,1.8e+02,15,8,OFFSET_LOW_3C,6e+02,38,40.56,4406.10,4737.80,6062.20,19111.20,NONE,-1.00,37.60,1
heavy_half,0.5,1.6e+03,1.8e+02,15,8,OFFSET_LOW_3C,5.4e+03,38,40.56,5687.80,5937.80,4862.20,15774.40,NONE,-1.00,37.60,1
heavy_half,0.5,1.6e+03,1.8e+02,15,8,DRIFT_LOW_1C_PER_MIN,6e+02,38,30.73,-1.00,-1.00,0.00,0.00,E115_HEATER_NOT_HEATING,1622.40,26.80,0
heavy_half,0.5,1.6e+03,1.8e+02,15,8,DRIFT_LOW_1C_PER_MIN,5.4e+03,38,40.10,5805.80,6129.70,1152.00,2872.00,E115_HEATER_NOT_HEATING,6578.40,37.40,1
heavy_half,0.5,1.6e+03,1.8e+02,15,8,STUCK_HIGH_45C,6e+02,38,26.85,-1.00,-1.00,0.00,0.00,EMERGENCY_TRIP,600.00,45.00,0
heavy_half,0.5,1.6e+03,1.8e+02,15,8,STUCK_HIGH_45C,5.4e+03,38,37.41,-1.00,-1.00,0.00,0.00,EMERGENCY_TRIP,5400.00,45.00,0
light_2x,2,1.8e+02,1.8e+02,15,8,NONE,-1,38,37.89,-1.00,-1.00,0.00,0.00,NONE,-1.00,37.90,0
light_2x,2,1.8e+02,1.8e+02,15,8,STUCK_LOW_30C,6e+02,38,94.32,632.50,638.40,2791.70,18764.80,SENSOR_FROZEN,1800.00,37.90,1
light_2x,2,1.8e+02,1.8e+02,15,8,STUCK_LOW_30C,5.4e+03,38,90.99,5431.70,5437.50,2601.60,16508.80,E115_HEATER_NOT_HEATING,6461.60,37.90,1
light_2x,2,1.8e+02,1.8e+02,15,8,STUCK_AT_LAST_READING,6e+02,38,66.97,1133.60,1182.30,2586.60,11945.60,SENSOR_FROZEN,2644.00,37.90,1
light_2x,2,1.8e+02,1.8e+02,15,8,STUCK_AT_LAST_READING,5.4e+03,38,47.98,5915.30,5976.20,1140.60,3609.60,SENSOR_FROZEN,6594.00,37.90,1
light_2x,2,1.8e+02,1.8e+02,15,8,OFFSET_LOW_3C,6e+02,38,40.70,634.50,640.40,10159.60,27238.40,NONE,-1.00,37.90,1
light_2x,2,1.8e+02,1.8e+02,15,8,OFFSET_LOW_3C,5.4e+03,38,40.34,5434.50,5440.80,5359.20,14371.20,NONE,-1.00,37.90,1
light_2x,2,1.8e+02,1.8e+02,15,8,DRIFT_LOW_1C_PER_MIN,6e+02,38,45.41,763.90,792.50,8941.00,30694.40,E115_HEATER_NOT_HEATING,9380.70,37.90,1
light_2x,2,1.8e+02,1.8e+02,15,8,DRIFT_LOW_1C_PER_MIN,5.4e+03,38,44.83,5556.00,5620.70,4872.60,16560.00,E115_HEATER_NOT_HEATING,10153.20,37.90,1
light_2x,2,1.8e+02,1.8e+02,15,8,STUCK_HIGH_45C,6e+02,38,37.89,-1.00,-1.00,0.00,0.00,EMERGENCY_TRIP,600.00,45.00,0
light_2x,2,1.8e+02,1.8e+02,15,8,STUCK_HIGH_45C,5.4e+03,38,37.89,-1.00,-1.00,0.00,0.00,EMERGENCY_TRIP,5400.00,45.00,0
medium_2x,2,6e+02,1.8e+02,15,8,NONE,-1,38,37.57,-1.00,-1.00,0.00,0.00,NONE,-1.00,37.60,0
medium_2x,2,6e+02,1.8e+02,15,8,STUCK_LOW_30C,6e+02,38,60.66,669.50,782.90,4169.50,17177.60,SENSOR_FROZEN,1800.00,36.00,1
medium_2x,2,6e+02,1.8e+02,15,8,STUCK_LOW_30C,5.4e+03,38,76.36,5444.10,5464.60,5228.60,27187.20,E115_HEATER_NOT_HEATING,6328.00,37.60,1
medium_2x,2,6e+02,1.8e+02,15,8,STUCK_AT_LAST_READING,6e+02,38,50.17,982.50,1035.90,3392.30,11251.20,SENSOR_FROZEN,2442.20,36.00,1
medium_2x,2,6e+02,1.8e+02,15,8,STUCK_AT_LAST_READING,5.4e+03,38,37.57,-1.00,-1.00,0.00,0.00,NONE,-1.00,37.60,0
medium_2x,2,6e+02,1.8e+02,15,8,OFFSET_LOW_3C,6e+02,38,40.58,735.20,826.80,9953.60,28451.20,NONE,-1.00,37.60,1
medium_2x,2,6e+02,1.8e+02,15,8,OFFSET_LOW_3C,5.4e+03,38,40.57,5447.70,5471.10,5328.90,15350.40,NONE,-1.00,37.60,1
medium_2x,2,6e+02,1.8e+02,15,8,DRIFT_LOW_1C_PER_MIN,6e+02,38,45.57,888.50,950.80,9849.20,39561.60,NONE,-1.00,37.60,1
medium_2x,2,6e+02,1.8e+02,15,8,DRIFT_LOW_1C_PER_MIN,5.4e+03,38,45.57,5513.90,5563.00,5237.00,22761.60,NONE,-1.00,37.60,1
medium_2x,2,6e+02,1.8e+02,15,8,STUCK_HIGH_45C,6e+02,38,36.02,-1.00,-1.00,0.00,0.00,EMERGENCY_TRIP,600.00,45.00,0
medium_2x,2,6e+02,1.8e+02,15,8,STUCK_HIGH_45C,5.4e+03,38,37.57,-1.00,-1.00,0.00,0.00,EMERGENCY_TRIP,5400.00,45.00,0
heavy_2x,2,1.6e+03,1.8e+02,15,8,NONE,-1,38,37.49,-1.00,-1.00,0.00,0.00,NONE,-1.00,37.50,0
heavy_2x,2,1.6e+03,1.8e+02,15,8,STUCK_LOW_30C,6e+02,38,42.04,1440.30,1545.00,2034.20,5472.00,SENSOR_FROZEN,1800.00,31.10,1
heavy_2x,2,1.6e+03,1.8e+02,15,8,STUCK_LOW_30C,5.4e+03,38,53.21,5488.60,5550.70,5249.30,25465.60,E115_HEATER_NOT_HEATING,6379.50,37.50,1
heavy_2x,2,1.6e+03,1.8e+02,15,8,STUCK_AT_LAST_READING,6e+02,38,40.50,1532.20,1612.70,1119.50,2841.60,SENSOR_FROZEN,1798.00,31.10,1
heavy_2x,2,1.6e+03,1.8e+02,15,8,STUCK_AT_LAST_READING,5.4e+03,38,63.26,5830.20,6155.60,4644.40,59465.60,NONE,-1.00,37.50,1
heavy_2x,2,1.6e+03,1.8e+02,15,8,OFFSET_LOW_3C,6e+02,38,40.56,1270.40,1370.00,9430.00,28291.20,NONE,-1.00,37.60,1
heavy_2x,2,1.6e+03,1.8e+02,15,8,OFFSET_LOW_3C,5.4e+03,38,40.56,5490.20,5575.80,5224.20,16752.00,NONE,-1.00,37.60,1
heavy_2x,2,1.6e+03,1.8e+02,15,8,DRIFT_LOW_1C_PER_MIN,6e+02,38,45.56,1374.40,1515.00,9285.00,43507.20,NONE,-1.00,37.60,1
heavy_2x,2,1.6e+03,1.8e+02,15,8,DRIFT_LOW_1C_PER_MIN,5.4e+03,38,45.55,5551.40,5632.30,5167.70,28758.40,NONE,-1.00,37.60,1
heavy_2x,2,1.6e+03,1.8e+02,15,8,STUCK_HIGH_45C,6e+02,38,31.50,-1.00,-1.00,0.00,0.00,EMERGENCY_TRIP,600.00,45.00,0
heavy_2x,2,1.6e+03,1.8e+02,15,8,STUCK_HIGH_45C,5.4e+03,38,37.49,-1.00,-1.00,0.00,0.00,EMERGENCY_TRIP,5400.00,45.00,0
