label,accepted,tune_s,ssr_edges,master_contactor_edges,exhaust_edges,circulation_edges,max_ssr_edges_in_10min
full0,1,4630,6718,0,0,0,1128
full1,0,4818,4406,0,0,0,736
full3,1,4628,4280,0,0,0,780
full2,0,6534,10435,0,0,0,1311
full5,0,7308,6851,0,0,0,788
full9,0,1298,1690,0,0,0,1112
full6,0,5946,9522,0,0,0,1161
full10,0,938,692,0,0,0,591
full14,0,1138,1048,0,0,0,657
full18,0,1312,1478,0,0,0,931
full13,1,5292,7199,0,0,0,1057
full22,0,1048,851,0,0,0,664
full26,0,1502,2072,0,0,0,1551
full30,1,6160,7271,0,0,0,1281
full7,0,5766,5588,0,0,0,708
full4,0,6416,10360,0,0,0,1296
full11,1,4992,6621,0,0,0,1058
full8,0,1462,1598,0,0,0,1005
full12,0,968,759,0,0,0,596
full16,0,1190,1156,0,0,0,695
full20,0,1046,788,0,0,0,641
full24,0,1048,961,0,0,0,710
full28,0,1376,1548,0,0,0,961
full17,0,2846,3049,0,0,0,726
full21,0,696,568,0,0,0,562
full25,0,830,821,0,0,0,592
full29,0,1320,1818,0,0,0,1156
full32,1,8432,12066,0,0,0,1616
full34,1,7082,8960,0,0,0,1429
full33,1,7402,5890,0,0,0,900
full15,1,5170,7024,0,0,0,1092
full38,0,4448,5668,0,0,0,1219
full42,0,2126,883,0,0,0,586
full46,0,2292,1398,0,0,0,907
full50,0,2506,883,0,0,0,560
full54,0,2444,897,0,0,0,570
full36,0,10018,15172,0,0,0,1783
full58,0,2740,1925,0,0,0,1072
full40,0,2722,2031,0,0,0,1001
full44,0,2304,1366,0,0,0,965
full48,0,2542,2155,0,0,0,1314
full37,0,11584,11188,0,0,0,1121
full52,0,2496,867,0,0,0,536
full56,0,2580,1554,0,0,0,953
full60,0,1684,2870,0,0,0,1401
full62,1,12570,13311,0,0,0,1601
full41,1,7040,7891,0,0,0,1154
full19,0,1246,1732,0,0,0,1160
full23,0,4440,9341,0,0,0,1561
full27,0,920,978,0,0,0,633
full64,1,15130,18196,0,0,0,1601
full31,1,6120,4740,0,0,0,906
full45,1,7694,10354,0,0,0,1496
full68,0,9780,11462,0,0,0,1681
full66,0,13462,14690,0,0,0,1601
full72,0,5480,2829,0,0,0,1055
full35,1,8708,8158,0,0,0,1140
full76,0,5058,1896,0,0,0,1001
full70,0,4922,1176,0,0,0,707
full80,0,1700,2870,0,0,0,1401
full84,0,1710,2870,0,0,0,1401
full88,0,5874,1764,0,0,0,982
full74,0,9594,10443,0,0,0,1601
full92,1,8554,10302,0,0,0,881
full49,0,6630,9297,0,0,0,1097
full53,0,1438,1094,0,0,0,727
full57,0,1482,1228,0,0,0,777
full78,0,9928,11633,0,0,0,1647
full61,0,1696,2870,0,0,0,1401
full82,0,5974,1144,0,0,0,743
full65,0,8140,6258,0,0,0,1364
full39,0,6598,6580,0,0,0,932
full86,0,5948,1458,0,0,0,856
full90,1,3988,4380,0,0,0,836
full69,0,7712,7716,0,0,0,1441
full43,1,6052,6736,0,0,0,1156
full73,0,12908,14806,0,0,0,1556
full96,0,5810,7072,0,0,0,873
full100,1,4548,7748,0,0,0,1282
full77,0,7790,10428,0,0,0,1921
full81,0,1664,2870,0,0,0,1401
full85,0,1722,2870,0,0,0,1401
full94,1,5982,7194,0,0,0,929
full89,0,7958,12636,0,0,0,1841
full47,0,11092,14948,0,0,0,1321
full51,0,1302,730,0,0,0,453
full93,1,5132,3522,0,0,0,561
full55,0,3320,4407,0,0,0,1505
full104,0,1194,1193,0,0,0,850
full108,0,1214,1452,0,0,0,968
full59,0,3738,6175,0,0,0,1401
full112,0,866,814,0,0,0,628
full116,0,1074,1096,0,0,0,694
full120,1,6074,5920,0,0,0,1030
full63,1,11104,8262,0,0,0,1284
full98,0,1410,1846,0,0,0,1212
full102,1,4502,7664,0,0,0,1304
full97,0,5752,4347,0,0,0,874
full101,1,5460,5391,0,0,0,783
full124,1,7276,8126,0,0,0,1241
full67,0,7576,5841,0,0,0,1682
full106,0,988,986,0,0,0,634
full110,0,876,828,0,0,0,666
full71,1,10454,10816,0,0,0,1418
full114,0,886,960,0,0,0,708
full118,0,1158,1330,0,0,0,864
full122,1,7160,7977,0,0,0,1194
full105,1,5762,5791,0,0,0,801
full128,0,4012,4546,0,0,0,1017
full132,1,6224,8596,0,0,0,1340
full75,1,10506,10985,0,0,0,1458
full109,0,1222,1331,0,0,0,840
full126,0,8660,10058,0,0,0,1270
full113,0,3648,5669,0,0,0,1041
full117,0,850,938,0,0,0,772
full130,1,5462,7374,0,0,0,1330
full121,1,6620,3964,0,0,0,656
full136,0,10228,17210,0,0,0,1601
full140,0,1754,1049,0,0,0,792
full144,0,1716,996,0,0,0,733
full148,0,2146,2058,0,0,0,1205
full152,0,12164,10690,0,0,0,1302
full79,0,7822,9610,0,0,0,1561
full134,0,7898,12824,0,0,0,1682
full83,0,6792,8303,0,0,0,1601
full125,0,10122,7192,0,0,0,836
full138,0,3872,5514,0,0,0,1241
full142,0,1716,950,0,0,0,717
full129,0,3406,2988,0,0,0,842
full87,0,7168,9147,0,0,0,1601
full146,0,1980,1595,0,0,0,998
full156,0,13802,15144,0,0,0,1961
full91,1,4254,2828,0,0,0,536
full133,1,6594,6571,0,0,0,1129
full160,0,1702,2870,0,0,0,1401
full150,1,9132,7414,0,0,0,1228
full164,0,12316,15229,0,0,0,1484
full168,0,8604,11807,0,0,0,1681
full172,0,4430,2615,0,0,0,1007
full176,0,3914,1736,0,0,0,1039
full95,0,9682,6807,0,0,0,764
full99,0,1230,1218,0,0,0,748
full180,0,4372,3586,0,0,0,618
full137,0,12874,13116,0,0,0,921
full103,1,4604,4573,0,0,0,744
full184,0,6462,5634,0,0,0,691
full141,1,5440,7589,0,0,0,1248
full154,1,10366,8876,0,0,0,1354
full188,0,1424,1640,0,0,0,1092
full192,1,4834,5942,0,0,0,917
full107,0,1030,1232,0,0,0,935
full111,1,3766,5601,0,0,0,1076
full145,1,6608,10398,0,0,0,1551
full158,0,8672,9160,0,0,0,1179
full196,0,896,870,0,0,0,672
full200,0,3178,5981,0,0,0,1441
full204,0,834,908,0,0,0,682
full208,0,1150,1640,0,0,0,1228
full162,1,9336,10522,0,0,0,1520
full212,1,7946,6750,0,0,0,869
full115,1,7662,12338,0,0,0,1121
full149,0,3502,4300,0,0,0,976
full153,0,1730,2870,0,0,0,1401
full157,0,7004,5720,0,0,0,1361
full161,1,11560,10556,0,0,0,1287
full166,0,11520,14454,0,0,0,1621
full216,0,9336,8182,0,0,0,910
full119,0,1252,1586,0,0,0,1046
full170,0,3842,1136,0,0,0,585
full220,1,5464,5763,0,0,0,988
full123,1,6242,4191,0,0,0,762
full174,0,3810,1260,0,0,0,703
full178,0,4060,2073,0,0,0,1196
full182,1,8076,6988,0,0,0,635
full224,0,8790,10885,0,0,0,1161
full165,1,11668,10552,0,0,0,1305
full127,1,9390,6744,0,0,0,836
full228,0,3582,4148,0,0,0,1006
full232,0,1282,760,0,0,0,577
full236,0,3386,5450,0,0,0,1361
full186,0,892,812,0,0,0,672
full190,1,3956,4804,0,0,0,894
full240,1,9560,7224,0,0,0,1001
full131,1,6022,5797,0,0,0,1019
full169,0,7248,7384,0,0,0,1121
full173,0,1414,2314,0,0,0,1401
full194,0,876,736,0,0,0,582
full198,0,1190,1622,0,0,0,1178
full202,0,722,682,0,0,0,634
full206,0,938,984,0,0,0,662
full210,1,5056,3596,0,0,0,730
full177,0,12026,18006,0,0,0,1921
full181,1,4674,2226,0,0,0,374
full244,0,11350,9350,0,0,0,1318
full248,0,7926,7305,0,0,0,1139
full135,1,6180,6076,0,0,0,1097
full252,1,9366,9400,0,0,0,1184
full214,1,6380,5380,0,0,0,930
full185,0,5696,3146,0,0,0,758
full189,0,1212,864,0,0,0,584
full193,1,5124,3724,0,0,0,556
full139,0,3432,3724,0,0,0,868
full256,0,11776,13186,0,0,0,1536
full143,1,6140,9460,0,0,0,1465
full260,0,4888,4729,0,0,0,1489
full218,0,3708,3472,0,0,0,941
full264,0,4960,4817,0,0,0,1460
full222,1,5248,6036,0,0,0,1098
full197,0,994,915,0,0,0,741
full201,1,4192,4694,0,0,0,790
full268,0,7790,13289,0,0,0,1641
full272,1,6396,4686,0,0,0,552
full147,0,8116,12809,0,0,0,1481
full151,1,9700,5468,0,0,0,825
full226,0,9114,11314,0,0,0,1081
full230,0,2610,3386,0,0,0,1406
full205,0,5888,6702,0,0,0,796
full234,0,1316,930,0,0,0,669
full209,0,1222,1122,0,0,0,674
full238,0,1758,1826,0,0,0,1059
full276,0,926,886,0,0,0,744
full280,1,4426,4610,0,0,0,771
full213,1,6994,3488,0,0,0,607
full242,1,9696,7621,0,0,0,1299
full155,0,6958,5200,0,0,0,1374
full159,0,7226,5778,0,0,0,941
full284,0,868,760,0,0,0,630
full288,0,1176,1412,0,0,0,1004
full292,0,5262,8914,0,0,0,1204
full296,0,950,1134,0,0,0,842
full163,1,9018,7284,0,0,0,1151
full246,1,10960,8908,0,0,0,1294
full300,1,5472,3418,0,0,0,605
full217,0,11542,6018,0,0,0,593
full221,1,6604,4636,0,0,0,672
full167,0,7056,7007,0,0,0,1401
full250,1,7398,6466,0,0,0,1164
full304,1,7148,5224,0,0,0,814
full171,1,7580,9026,0,0,0,1429
full225,1,6842,4934,0,0,0,771
full308,0,3532,2932,0,0,0,865
full312,1,5736,5820,0,0,0,920
full175,1,8674,10718,0,0,0,1437
full254,0,9892,11070,0,0,0,1592
full229,0,6308,5344,0,0,0,932
full258,0,7738,8941,0,0,0,1162
full262,0,4554,4243,0,0,0,1513
full233,1,7222,8362,0,0,0,1026
full266,0,6810,11179,0,0,0,2001
full270,1,3856,2706,0,0,0,519
full179,0,7382,10793,0,0,0,1321
full316,0,9956,10572,0,0,0,921
full183,1,4526,2282,0,0,0,461
full320,1,5974,9659,0,0,0,1461
full237,0,9550,11122,0,0,0,1001
full274,1,5860,4340,0,0,0,607
full241,1,11660,6002,0,0,0,1001
full187,0,5708,3146,0,0,0,740
full324,1,6174,10149,0,0,0,1453
full191,1,5408,3824,0,0,0,541
full278,0,1402,1374,0,0,0,870
full282,1,4364,4576,0,0,0,772
full328,0,1602,1642,0,0,0,965
full245,0,6484,3738,0,0,0,1001
full195,1,5070,3748,0,0,0,615
full249,0,6810,4584,0,0,0,850
full332,1,10948,7726,0,0,0,1133
full286,0,870,924,0,0,0,782
full253,1,9944,6138,0,0,0,827
full290,1,7266,12437,0,0,0,1161
full199,0,1184,942,0,0,0,604
full203,1,5520,6317,0,0,0,800
full294,0,718,693,0,0,0,654
full298,0,1124,1571,0,0,0,1194
full336,0,12488,8902,0,0,0,1102
full257,0,6640,4978,0,0,0,1161
full302,1,6770,4904,0,0,0,753
full261,0,1708,2852,0,0,0,1401
full340,1,8454,7530,0,0,0,1005
full265,1,8844,8398,0,0,0,1024
full207,0,814,966,0,0,0,866
full211,1,5732,2584,0,0,0,466
full306,1,8384,6318,0,0,0,752
full344,0,10958,10810,0,0,0,1324
full269,0,3960,4402,0,0,0,1001
full273,1,5092,2172,0,0,0,414
full348,0,7440,7787,0,0,0,1119
full215,1,8540,4514,0,0,0,604
full352,1,7672,9644,0,0,0,1380
full310,1,4794,4356,0,0,0,828
full277,0,908,688,0,0,0,618
full281,1,5574,3412,0,0,0,529
full219,0,6312,4181,0,0,0,960
full223,1,5586,3996,0,0,0,708
full356,0,13686,21867,0,0,0,1601
full314,0,8046,8442,0,0,0,921
full360,0,4290,2460,0,0,0,435
full318,0,3398,3638,0,0,0,939
full364,0,6736,4078,0,0,0,531
full368,0,1392,1110,0,0,0,654
full322,1,5088,8110,0,0,0,1386
full285,1,5682,3576,0,0,0,586
full372,1,4870,4180,0,0,0,625
full227,0,6106,4756,0,0,0,679
full231,1,4534,4554,0,0,0,908
full289,0,1190,798,0,0,0,530
full376,0,874,980,0,0,0,858
full326,0,3282,4704,0,0,0,1121
full380,1,5580,7629,0,0,0,958
full293,0,10342,10098,0,0,0,706
full297,0,824,830,0,0,0,738
full235,1,5746,6590,0,0,0,1110
full330,1,7402,4138,0,0,0,736
full301,1,6480,2300,0,0,0,366
full384,0,674,580,0,0,0,580
full388,0,1118,1266,0,0,0,918
full392,1,8034,4826,0,0,0,605
full239,0,3346,3598,0,0,0,1022
full305,1,10592,4666,0,0,0,526
full243,1,9752,4152,0,0,0,703
full334,1,9020,6164,0,0,0,1204
full396,0,9286,5836,0,0,0,677
full400,0,5130,3778,0,0,0,665
full309,0,6288,3862,0,0,0,1078
full247,0,6522,3632,0,0,0,980
full404,1,9394,8252,0,0,0,785
full313,1,6214,3804,0,0,0,621
full251,1,8700,5274,0,0,0,857
full338,0,7628,6088,0,0,0,1005
full342,1,7306,5790,0,0,0,1036
full408,0,3316,3270,0,0,0,865
full317,0,6074,4302,0,0,0,675
full412,1,5396,7152,0,0,0,1100
full255,1,8842,5640,0,0,0,985
full321,1,4932,4274,0,0,0,758
full346,1,10320,10366,0,0,0,1361
full416,0,3136,3868,0,0,0,943
full259,0,6890,5774,0,0,0,907
full325,1,6332,6214,0,0,0,947
full420,1,8056,3988,0,0,0,595
full263,1,8062,8590,0,0,0,1429
full350,1,7130,8668,0,0,0,1386
full329,0,3320,3564,0,0,0,1194
full424,1,10128,5859,0,0,0,1025
full333,1,11676,4257,0,0,0,601
full267,1,9400,10686,0,0,0,1498
full354,1,7216,8973,0,0,0,1412
full428,0,4256,3230,0,0,0,1001
full271,1,4168,1712,0,0,0,342
full358,0,7490,11222,0,0,0,1401
full432,1,7760,5314,0,0,0,836
full337,0,6356,3358,0,0,0,838
full362,1,8060,4829,0,0,0,514
full341,1,10178,5240,0,0,0,627
full275,1,9588,4146,0,0,0,640
full366,0,880,902,0,0,0,812
full370,1,3912,3276,0,0,0,598
full436,0,11658,9988,0,0,0,1081
full345,1,10596,6750,0,0,0,998
full440,1,7656,9618,0,0,0,1510
full279,0,1196,728,0,0,0,516
full283,1,4600,2838,0,0,0,502
full374,0,828,778,0,0,0,700
full378,0,1178,1150,0,0,0,770
full382,1,5182,7156,0,0,0,937
full349,0,6684,4632,0,0,0,882
full287,0,1000,772,0,0,0,624
full444,1,7692,9760,0,0,0,1520
full291,1,3690,3484,0,0,0,668
full353,0,9498,9242,0,0,0,1235
full386,0,926,1156,0,0,0,939
full357,0,10586,10404,0,0,0,1286
full361,0,4672,1570,0,0,0,320
full390,1,4858,2470,0,0,0,486
full365,0,5668,2106,0,0,0,514
full369,0,1204,596,0,0,0,438
full373,1,5020,2541,0,0,0,466
full448,0,7228,9818,0,0,0,1189
full295,1,8580,8414,0,0,0,721
full452,0,5582,2706,0,0,0,568
full456,0,898,778,0,0,0,704
full460,0,4348,2771,0,0,0,446
full464,0,848,794,0,0,0,722
full468,0,1166,882,0,0,0,600
full472,0,692,540,0,0,0,540
full476,0,938,954,0,0,0,778
full394,1,6204,3796,0,0,0,679
full480,1,5218,2284,0,0,0,429
full377,0,990,622,0,0,0,508
full381,0,4166,3180,0,0,0,518
full385,0,688,644,0,0,0,644
full389,0,1222,782,0,0,0,474
full299,0,1214,948,0,0,0,543
full393,1,6914,2462,0,0,0,489
full303,1,6028,2596,0,0,0,499
full398,0,3476,2732,0,0,0,917
full484,1,6900,3312,0,0,0,549
full402,1,4992,4138,0,0,0,741
full307,1,9292,4342,0,0,0,582
full397,1,11202,4264,0,0,0,698
full488,0,3400,2540,0,0,0,1174
full492,1,5476,3596,0,0,0,591
full406,0,8884,7856,0,0,0,787
full410,1,5302,6953,0,0,0,1133
full311,1,5846,3534,0,0,0,669
full401,1,6730,3280,0,0,0,531
full414,1,5464,7354,0,0,0,1170
full496,0,9586,6546,0,0,0,663
full500,0,580,290,0,0,0,290
full315,1,5996,3780,0,0,0,735
full504,1,5952,6277,0,0,0,903
full405,1,6832,3608,0,0,0,659
full418,0,1444,1524,0,0,0,947
full319,0,3264,3018,0,0,0,1090
full422,1,9116,5264,0,0,0,885
full323,1,6036,5841,0,0,0,857
full508,0,1372,1572,0,0,0,956
full409,0,3220,2666,0,0,0,1080
full512,1,10296,4638,0,0,0,675
full413,1,7536,6038,0,0,0,682
full426,1,10422,6278,0,0,0,858
full327,0,8136,8064,0,0,0,841
full331,1,8942,3208,0,0,0,511
full417,0,9184,7416,0,0,0,683
full516,1,12096,5940,0,0,0,757
full421,1,10682,3234,0,0,0,489
full430,1,6542,4384,0,0,0,852
full335,0,6364,3216,0,0,0,794
full339,0,6724,3996,0,0,0,852
full520,1,6902,3754,0,0,0,644
full343,1,8262,4690,0,0,0,853
full425,0,6136,2602,0,0,0,673
full429,0,6608,3708,0,0,0,873
full434,1,9200,7606,0,0,0,1056
full433,1,9656,4040,0,0,0,485
full347,0,6508,4389,0,0,0,783
full524,0,10414,6956,0,0,0,814
full351,1,6184,4920,0,0,0,972
full528,0,6906,5288,0,0,0,887
full532,1,6688,6660,0,0,0,1117
full437,0,6310,3792,0,0,0,639
full438,0,7146,6420,0,0,0,941
full441,1,6658,4588,0,0,0,776
full442,1,6386,6710,0,0,0,1165
full355,1,7564,7263,0,0,0,1351
full536,0,6612,6719,0,0,0,897
full445,1,8588,6866,0,0,0,1155
full446,0,11798,15718,0,0,0,1281
full450,1,3780,1664,0,0,0,326
full359,0,3846,4118,0,0,0,1001
full363,1,4494,1626,0,0,0,426
full449,0,3688,3598,0,0,0,1001
full454,0,728,582,0,0,0,568
full453,1,5052,1442,0,0,0,404
full458,0,1262,844,0,0,0,522
full367,0,880,552,0,0,0,504
full462,1,4398,2906,0,0,0,495
full371,1,4896,2514,0,0,0,507
full457,0,882,420,0,0,0,384
full466,0,880,832,0,0,0,736
full461,1,5494,2182,0,0,0,446
full470,0,790,570,0,0,0,476
full474,0,744,645,0,0,0,598
full478,0,1112,976,0,0,0,647
full375,1,5246,2780,0,0,0,586
full482,1,6670,3204,0,0,0,523
full379,0,1150,644,0,0,0,456
full465,1,6298,2462,0,0,0,442
full383,0,3668,3020,0,0,0,656
full387,0,800,664,0,0,0,604
full391,1,5570,1898,0,0,0,358
full486,1,8068,4022,0,0,0,587
full469,0,1116,498,0,0,0,376
full473,0,722,506,0,0,0,492
full477,0,788,504,0,0,0,462
full481,1,6242,1672,0,0,0,322
full490,1,4544,2842,0,0,0,530
full395,1,8860,3396,0,0,0,594
full399,0,6230,3320,0,0,0,1026
full494,1,9988,6720,0,0,0,602
full485,1,11400,3424,0,0,0,790
full403,1,5490,2786,0,0,0,521
full498,0,1396,1525,0,0,0,934
full407,0,6010,3680,0,0,0,788
full502,1,4868,5036,0,0,0,828
full489,0,6158,2494,0,0,0,728
full411,1,4344,3072,0,0,0,610
full493,1,6252,2532,0,0,0,517
full506,0,2980,2870,0,0,0,787
full510,1,6696,2474,0,0,0,424
full415,1,5756,4652,0,0,0,755
full497,0,5940,3050,0,0,0,920
full501,1,4792,2848,0,0,0,498
full419,0,3298,3180,0,0,0,1154
full514,1,8400,3906,0,0,0,782
full423,1,9638,3392,0,0,0,681
full505,1,6392,4034,0,0,0,620
full518,0,4038,2872,0,0,0,936
full522,1,6574,4096,0,0,0,753
full427,0,6242,2712,0,0,0,661
full509,0,1458,1396,0,0,0,786
full431,1,8400,4262,0,0,0,849
full513,1,11300,3190,0,0,0,691
full526,1,9988,6764,0,0,0,783
full435,1,8482,4391,0,0,0,913
full517,0,6120,2530,0,0,0,665
full521,1,9756,3842,0,0,0,691
full530,1,6326,6116,0,0,0,1115
full439,0,6610,4374,0,0,0,882
full443,1,7762,6136,0,0,0,1001
full534,1,6390,6334,0,0,0,1187
full525,1,10056,4032,0,0,0,741
full447,1,9204,7532,0,0,0,997
full538,0,6866,7488,0,0,0,974
full529,0,6494,3786,0,0,0,886
full533,1,8980,5519,0,0,0,753
full451,1,4178,1110,0,0,0,284
full455,0,842,420,0,0,0,394
full459,0,1104,448,0,0,0,360
full463,1,4764,1932,0,0,0,472
full537,0,10724,6760,0,0,0,758
full467,0,968,476,0,0,0,399
full471,1,3674,2148,0,0,0,388
full475,0,658,486,0,0,0,486
full479,0,1218,624,0,0,0,404
full483,1,5932,1674,0,0,0,352
full487,1,9304,3090,0,0,0,900
full491,1,5836,2280,0,0,0,461
full495,1,5932,2472,0,0,0,512
full499,0,3170,1998,0,0,0,746
full503,1,6730,4178,0,0,0,552
full507,0,8568,5550,0,0,0,840
full511,1,9074,2066,0,0,0,355
full515,0,6102,2222,0,0,0,567
full519,0,6454,3118,0,0,0,856
full523,1,7914,3134,0,0,0,639
full527,0,6244,3206,0,0,0,625
full531,1,5672,2954,0,0,0,604
full535,1,7252,4550,0,0,0,867
full539,0,3564,2984,0,0,0,952
