label,mode,fault,detector,truePeak,trueHighS,trueEmergencyS,latchedAtS,latencyS,e115S,e104S,fwHigh,unsafeCommandTicks,verdict
light_d15/nofault_lag0,ADAPTIVE_V1,none,none,37.57,0.00,0.00,-1.00,-1.00,-1.00,-1.00,0,0,OK
light_d15/nofault_lag0,ADAPTIVE_V1,none,unexpl300,37.57,0.00,0.00,-1.00,-1.00,-1.00,-1.00,0,0,OK
light_d15/nofault_lag0,ADAPTIVE_V1,none,unexpl600,37.57,0.00,0.00,-1.00,-1.00,-1.00,-1.00,0,0,OK
light_d15/nofault_lag0,ADAPTIVE_V1,none,rep2,37.57,0.00,0.00,-1.00,-1.00,-1.00,-1.00,0,0,OK
light_d15/nofault_lag0,ADAPTIVE_V1,none,rep3,37.57,0.00,0.00,-1.00,-1.00,-1.00,-1.00,0,0,OK
light_d15/nofault_lag0,ADAPTIVE_V1,none,rep2uncmd,37.57,0.00,0.00,-1.00,-1.00,-1.00,-1.00,0,0,OK
light_d15/nofault_lag0,ADAPTIVE_V1,none,rep1uncmd,37.57,0.00,0.00,-1.00,-1.00,-1.00,-1.00,0,0,OK
light_d15/nofault_lag0,ADAPTIVE_V1,none,frozen1200,37.57,0.00,0.00,-1.00,-1.00,-1.00,-1.00,0,0,OK
light_d15/nofault_lag0,ADAPTIVE_V1,none,energy600,37.57,0.00,0.00,-1.00,-1.00,-1.00,-1.00,0,0,OK
light_d15/nofault_lag0,ADAPTIVE_V1,none,energy1200,37.57,0.00,0.00,-1.00,-1.00,-1.00,-1.00,0,0,OK
light_d15/nofault_lag0,ADAPTIVE_V1,none,unexpl300+rep2uncmd+energy600,37.57,0.00,0.00,-1.00,-1.00,-1.00,-1.00,0,0,OK
light_d15/offset_neg0.5,ADAPTIVE_V1,none,none,37.97,0.00,0.00,-1.00,-1.00,-1.00,-1.00,0,0,OK
light_d15/offset_neg0.5,ADAPTIVE_V1,none,unexpl300,37.97,0.00,0.00,-1.00,-1.00,-1.00,-1.00,0,0,OK
light_d15/offset_neg0.5,ADAPTIVE_V1,none,unexpl600,37.97,0.00,0.00,-1.00,-1.00,-1.00,-1.00,0,0,OK
light_d15/offset_neg0.5,ADAPTIVE_V1,none,rep2,37.97,0.00,0.00,-1.00,-1.00,-1.00,-1.00,0,0,OK
light_d15/offset_neg0.5,ADAPTIVE_V1,none,rep3,37.97,0.00,0.00,-1.00,-1.00,-1.00,-1.00,0,0,OK
light_d15/offset_neg0.5,ADAPTIVE_V1,none,rep2uncmd,37.97,0.00,0.00,-1.00,-1.00,-1.00,-1.00,0,0,OK
light_d15/offset_neg0.5,ADAPTIVE_V1,none,rep1uncmd,37.97,0.00,0.00,-1.00,-1.00,-1.00,-1.00,0,0,OK
light_d15/offset_neg0.5,ADAPTIVE_V1,none,frozen1200,37.97,0.00,0.00,-1.00,-1.00,-1.00,-1.00,0,0,OK
light_d15/offset_neg0.5,ADAPTIVE_V1,none,energy600,37.97,0.00,0.00,-1.00,-1.00,-1.00,-1.00,0,0,OK
light_d15/offset_neg0.5,ADAPTIVE_V1,none,energy1200,37.97,0.00,0.00,-1.00,-1.00,-1.00,-1.00,0,0,OK
light_d15/offset_neg0.5,ADAPTIVE_V1,none,unexpl300+rep2uncmd+energy600,37.97,0.00,0.00,-1.00,-1.00,-1.00,-1.00,0,0,OK
light_d15/stuck_high_40.0,ADAPTIVE_V1,stuck_high,none,37.59,0.00,0.00,-1.00,-1.00,-1.00,-1.00,1,0,SAFE_UNDER_FAULT
light_d15/stuck_high_40.0,ADAPTIVE_V1,stuck_high,unexpl300,37.59,0.00,0.00,-1.00,-1.00,-1.00,-1.00,1,0,SAFE_UNDER_FAULT
light_d15/stuck_high_40.0,ADAPTIVE_V1,stuck_high,unexpl600,37.59,0.00,0.00,-1.00,-1.00,-1.00,-1.00,1,0,SAFE_UNDER_FAULT
light_d15/stuck_high_40.0,ADAPTIVE_V1,stuck_high,rep2,37.59,0.00,0.00,-1.00,-1.00,-1.00,-1.00,1,0,SAFE_UNDER_FAULT
light_d15/stuck_high_40.0,ADAPTIVE_V1,stuck_high,rep3,37.59,0.00,0.00,-1.00,-1.00,-1.00,-1.00,1,0,SAFE_UNDER_FAULT
light_d15/stuck_high_40.0,ADAPTIVE_V1,stuck_high,rep2uncmd,37.59,0.00,0.00,-1.00,-1.00,-1.00,-1.00,1,0,SAFE_UNDER_FAULT
light_d15/stuck_high_40.0,ADAPTIVE_V1,stuck_high,rep1uncmd,37.59,0.00,0.00,-1.00,-1.00,-1.00,-1.00,1,0,SAFE_UNDER_FAULT
light_d15/stuck_high_40.0,ADAPTIVE_V1,stuck_high,frozen1200,37.59,0.00,0.00,-1.00,-1.00,-1.00,-1.00,1,0,SAFE_UNDER_FAULT
light_d15/stuck_high_40.0,ADAPTIVE_V1,stuck_high,energy600,37.59,0.00,0.00,-1.00,-1.00,-1.00,-1.00,1,0,SAFE_UNDER_FAULT
light_d15/stuck_high_40.0,ADAPTIVE_V1,stuck_high,energy1200,37.59,0.00,0.00,-1.00,-1.00,-1.00,-1.00,1,0,SAFE_UNDER_FAULT
light_d15/stuck_high_40.0,ADAPTIVE_V1,stuck_high,unexpl300+rep2uncmd+energy600,37.59,0.00,0.00,-1.00,-1.00,-1.00,-1.00,1,0,SAFE_UNDER_FAULT
light_d15/drift_low_2Cph,ADAPTIVE_V1,drift_low,none,40.56,4155.70,2694.40,-1.00,-1.00,-1.00,-1.00,0,0,UNDETECTED_TRUE_VIOLATION
light_d15/drift_low_2Cph,ADAPTIVE_V1,drift_low,unexpl300,40.56,4155.70,2694.40,-1.00,-1.00,-1.00,-1.00,0,0,UNDETECTED_TRUE_VIOLATION
light_d15/drift_low_2Cph,ADAPTIVE_V1,drift_low,unexpl600,40.56,4155.70,2694.40,-1.00,-1.00,-1.00,-1.00,0,0,UNDETECTED_TRUE_VIOLATION
light_d15/drift_low_2Cph,ADAPTIVE_V1,drift_low,rep2,40.56,4155.70,2694.40,-1.00,-1.00,-1.00,-1.00,0,0,UNDETECTED_TRUE_VIOLATION
light_d15/drift_low_2Cph,ADAPTIVE_V1,drift_low,rep3,40.56,4155.70,2694.40,-1.00,-1.00,-1.00,-1.00,0,0,UNDETECTED_TRUE_VIOLATION
light_d15/drift_low_2Cph,ADAPTIVE_V1,drift_low,rep2uncmd,40.56,4155.70,2694.40,-1.00,-1.00,-1.00,-1.00,0,0,UNDETECTED_TRUE_VIOLATION
light_d15/drift_low_2Cph,ADAPTIVE_V1,drift_low,rep1uncmd,40.56,4155.70,2694.40,-1.00,-1.00,-1.00,-1.00,0,0,UNDETECTED_TRUE_VIOLATION
light_d15/drift_low_2Cph,ADAPTIVE_V1,drift_low,frozen1200,40.56,4155.70,2694.40,-1.00,-1.00,-1.00,-1.00,0,0,UNDETECTED_TRUE_VIOLATION
light_d15/drift_low_2Cph,ADAPTIVE_V1,drift_low,energy600,40.56,4155.70,2694.40,-1.00,-1.00,-1.00,-1.00,0,0,UNDETECTED_TRUE_VIOLATION
light_d15/drift_low_2Cph,ADAPTIVE_V1,drift_low,energy1200,40.56,4155.70,2694.40,-1.00,-1.00,-1.00,-1.00,0,0,UNDETECTED_TRUE_VIOLATION
light_d15/drift_low_2Cph,ADAPTIVE_V1,drift_low,unexpl300+rep2uncmd+energy600,40.56,4155.70,2694.40,-1.00,-1.00,-1.00,-1.00,0,0,UNDETECTED_TRUE_VIOLATION
medium_d15/nofault_lag10,ADAPTIVE_V1,none,none,37.49,0.00,0.00,-1.00,-1.00,-1.00,-1.00,0,0,OK
medium_d15/nofault_lag10,ADAPTIVE_V1,none,unexpl300,37.49,0.00,0.00,-1.00,-1.00,-1.00,-1.00,0,0,OK
medium_d15/nofault_lag10,ADAPTIVE_V1,none,unexpl600,37.49,0.00,0.00,-1.00,-1.00,-1.00,-1.00,0,0,OK
medium_d15/nofault_lag10,ADAPTIVE_V1,none,rep2,37.49,0.00,0.00,-1.00,-1.00,-1.00,-1.00,0,0,OK
medium_d15/nofault_lag10,ADAPTIVE_V1,none,rep3,37.49,0.00,0.00,-1.00,-1.00,-1.00,-1.00,0,0,OK
medium_d15/nofault_lag10,ADAPTIVE_V1,none,rep2uncmd,37.49,0.00,0.00,-1.00,-1.00,-1.00,-1.00,0,0,OK
medium_d15/nofault_lag10,ADAPTIVE_V1,none,rep1uncmd,37.49,0.00,0.00,-1.00,-1.00,-1.00,-1.00,0,0,OK
medium_d15/nofault_lag10,ADAPTIVE_V1,none,frozen1200,37.49,0.00,0.00,-1.00,-1.00,-1.00,-1.00,0,0,OK
medium_d15/nofault_lag10,ADAPTIVE_V1,none,energy600,37.49,0.00,0.00,-1.00,-1.00,-1.00,-1.00,0,0,OK
medium_d15/nofault_lag10,ADAPTIVE_V1,none,energy1200,37.49,0.00,0.00,-1.00,-1.00,-1.00,-1.00,0,0,OK
medium_d15/nofault_lag10,ADAPTIVE_V1,none,unexpl300+rep2uncmd+energy600,37.49,0.00,0.00,-1.00,-1.00,-1.00,-1.00,0,0,OK
medium_d15/disconnect120s,ADAPTIVE_V1,disconnect,none,37.58,0.00,0.00,-1.00,-1.00,-1.00,-1.00,0,0,SAFE_UNDER_FAULT
medium_d15/disconnect120s,ADAPTIVE_V1,disconnect,unexpl300,37.58,0.00,0.00,-1.00,-1.00,-1.00,-1.00,0,0,SAFE_UNDER_FAULT
medium_d15/disconnect120s,ADAPTIVE_V1,disconnect,unexpl600,37.58,0.00,0.00,-1.00,-1.00,-1.00,-1.00,0,0,SAFE_UNDER_FAULT
medium_d15/disconnect120s,ADAPTIVE_V1,disconnect,rep2,37.58,0.00,0.00,-1.00,-1.00,-1.00,-1.00,0,0,SAFE_UNDER_FAULT
medium_d15/disconnect120s,ADAPTIVE_V1,disconnect,rep3,37.58,0.00,0.00,-1.00,-1.00,-1.00,-1.00,0,0,SAFE_UNDER_FAULT
medium_d15/disconnect120s,ADAPTIVE_V1,disconnect,rep2uncmd,37.58,0.00,0.00,-1.00,-1.00,-1.00,-1.00,0,0,SAFE_UNDER_FAULT
medium_d15/disconnect120s,ADAPTIVE_V1,disconnect,rep1uncmd,37.58,0.00,0.00,-1.00,-1.00,-1.00,-1.00,0,0,SAFE_UNDER_FAULT
medium_d15/disconnect120s,ADAPTIVE_V1,disconnect,frozen1200,37.58,0.00,0.00,-1.00,-1.00,-1.00,-1.00,0,0,SAFE_UNDER_FAULT
medium_d15/disconnect120s,ADAPTIVE_V1,disconnect,energy600,37.58,0.00,0.00,-1.00,-1.00,-1.00,-1.00,0,0,SAFE_UNDER_FAULT
medium_d15/disconnect120s,ADAPTIVE_V1,disconnect,energy1200,37.58,0.00,0.00,-1.00,-1.00,-1.00,-1.00,0,0,SAFE_UNDER_FAULT
medium_d15/disconnect120s,ADAPTIVE_V1,disconnect,unexpl300+rep2uncmd+energy600,37.58,0.00,0.00,-1.00,-1.00,-1.00,-1.00,0,0,SAFE_UNDER_FAULT
medium_d15/frozen_value,ADAPTIVE_V1,frozen_value,none,41.10,4357.40,3609.10,-1.00,-1.00,-1.00,-1.00,0,0,UNDETECTED_TRUE_VIOLATION
medium_d15/frozen_value,ADAPTIVE_V1,frozen_value,unexpl300,41.10,4357.40,3609.10,-1.00,-1.00,-1.00,-1.00,0,0,UNDETECTED_TRUE_VIOLATION
medium_d15/frozen_value,ADAPTIVE_V1,frozen_value,unexpl600,41.10,4357.40,3609.10,-1.00,-1.00,-1.00,-1.00,0,0,UNDETECTED_TRUE_VIOLATION
medium_d15/frozen_value,ADAPTIVE_V1,frozen_value,rep2,41.10,4357.40,3609.10,-1.00,-1.00,-1.00,-1.00,0,0,UNDETECTED_TRUE_VIOLATION
medium_d15/frozen_value,ADAPTIVE_V1,frozen_value,rep3,41.10,4357.40,3609.10,-1.00,-1.00,-1.00,-1.00,0,0,UNDETECTED_TRUE_VIOLATION
medium_d15/frozen_value,ADAPTIVE_V1,frozen_value,rep2uncmd,41.10,4357.40,3609.10,-1.00,-1.00,-1.00,-1.00,0,0,UNDETECTED_TRUE_VIOLATION
medium_d15/frozen_value,ADAPTIVE_V1,frozen_value,rep1uncmd,41.10,4357.40,3609.10,-1.00,-1.00,-1.00,-1.00,0,0,UNDETECTED_TRUE_VIOLATION
medium_d15/frozen_value,ADAPTIVE_V1,frozen_value,frozen1200,41.10,4357.40,3609.10,-1.00,-1.00,-1.00,-1.00,0,0,UNDETECTED_TRUE_VIOLATION
medium_d15/frozen_value,ADAPTIVE_V1,frozen_value,energy600,41.10,4357.40,3609.10,-1.00,-1.00,-1.00,-1.00,0,0,UNDETECTED_TRUE_VIOLATION
medium_d15/frozen_value,ADAPTIVE_V1,frozen_value,energy1200,41.10,4357.40,3609.10,-1.00,-1.00,-1.00,-1.00,0,0,UNDETECTED_TRUE_VIOLATION
medium_d15/frozen_value,ADAPTIVE_V1,frozen_value,unexpl300+rep2uncmd+energy600,41.10,4357.40,3609.10,-1.00,-1.00,-1.00,-1.00,0,0,UNDETECTED_TRUE_VIOLATION
medium_d15/ssr_stuck_on,ADAPTIVE_V1,ssr_stuck_on,none,38.81,3048.40,0.00,-1.00,-1.00,-1.00,-1.00,20,0,TRUE_VIOLATION_DETECTED_LATE
medium_d15/ssr_stuck_on,ADAPTIVE_V1,ssr_stuck_on,unexpl300,38.81,307.30,0.00,5816.00,416.00,-1.00,-1.00,2,0,TRUE_VIOLATION_DETECTED_LATE
medium_d15/ssr_stuck_on,ADAPTIVE_V1,ssr_stuck_on,unexpl600,38.81,459.80,0.00,6108.00,708.00,-1.00,-1.00,3,0,TRUE_VIOLATION_DETECTED_LATE
medium_d15/ssr_stuck_on,ADAPTIVE_V1,ssr_stuck_on,rep2,38.81,307.30,0.00,5735.00,335.00,-1.00,-1.00,2,0,TRUE_VIOLATION_DETECTED_LATE
medium_d15/ssr_stuck_on,ADAPTIVE_V1,ssr_stuck_on,rep3,38.81,459.80,0.00,6003.00,603.00,-1.00,-1.00,3,0,TRUE_VIOLATION_DETECTED_LATE
medium_d15/ssr_stuck_on,ADAPTIVE_V1,ssr_stuck_on,rep2uncmd,38.81,459.80,0.00,6003.00,603.00,-1.00,-1.00,3,0,TRUE_VIOLATION_DETECTED_LATE
medium_d15/ssr_stuck_on,ADAPTIVE_V1,ssr_stuck_on,rep1uncmd,38.81,307.30,0.00,5735.00,335.00,-1.00,-1.00,2,0,TRUE_VIOLATION_DETECTED_LATE
medium_d15/ssr_stuck_on,ADAPTIVE_V1,ssr_stuck_on,frozen1200,38.81,3048.40,0.00,-1.00,-1.00,-1.00,-1.00,20,0,TRUE_VIOLATION_DETECTED_LATE
medium_d15/ssr_stuck_on,ADAPTIVE_V1,ssr_stuck_on,energy600,38.81,3048.40,0.00,-1.00,-1.00,-1.00,-1.00,20,0,TRUE_VIOLATION_DETECTED_LATE
medium_d15/ssr_stuck_on,ADAPTIVE_V1,ssr_stuck_on,energy1200,38.81,3048.40,0.00,-1.00,-1.00,-1.00,-1.00,20,0,TRUE_VIOLATION_DETECTED_LATE
medium_d15/ssr_stuck_on,ADAPTIVE_V1,ssr_stuck_on,unexpl300+rep2uncmd+energy600,38.81,307.30,0.00,5816.00,416.00,-1.00,-1.00,2,0,TRUE_VIOLATION_DETECTED_LATE
medium_d60/nofault_lag30,ADAPTIVE_V1,none,none,37.32,0.00,0.00,-1.00,-1.00,7459.40,-1.00,0,0,FALSE_TRIP_NO_FAULT
medium_d60/nofault_lag30,ADAPTIVE_V1,none,unexpl300,37.32,0.00,0.00,-1.00,-1.00,7459.40,-1.00,0,0,FALSE_TRIP_NO_FAULT
medium_d60/nofault_lag30,ADAPTIVE_V1,none,unexpl600,37.32,0.00,0.00,-1.00,-1.00,7459.40,-1.00,0,0,FALSE_TRIP_NO_FAULT
medium_d60/nofault_lag30,ADAPTIVE_V1,none,rep2,37.32,0.00,0.00,-1.00,-1.00,7459.40,-1.00,0,0,FALSE_TRIP_NO_FAULT
medium_d60/nofault_lag30,ADAPTIVE_V1,none,rep3,37.32,0.00,0.00,-1.00,-1.00,7459.40,-1.00,0,0,FALSE_TRIP_NO_FAULT
medium_d60/nofault_lag30,ADAPTIVE_V1,none,rep2uncmd,37.32,0.00,0.00,-1.00,-1.00,7459.40,-1.00,0,0,FALSE_TRIP_NO_FAULT
medium_d60/nofault_lag30,ADAPTIVE_V1,none,rep1uncmd,37.32,0.00,0.00,-1.00,-1.00,7459.40,-1.00,0,0,FALSE_TRIP_NO_FAULT
medium_d60/nofault_lag30,ADAPTIVE_V1,none,frozen1200,37.32,0.00,0.00,-1.00,-1.00,7459.40,-1.00,0,0,FALSE_TRIP_NO_FAULT
medium_d60/nofault_lag30,ADAPTIVE_V1,none,energy600,37.32,0.00,0.00,-1.00,-1.00,7459.40,-1.00,0,0,FALSE_TRIP_NO_FAULT
medium_d60/nofault_lag30,ADAPTIVE_V1,none,energy1200,37.32,0.00,0.00,-1.00,-1.00,7459.40,-1.00,0,0,FALSE_TRIP_NO_FAULT
medium_d60/nofault_lag30,ADAPTIVE_V1,none,unexpl300+rep2uncmd+energy600,37.32,0.00,0.00,-1.00,-1.00,7459.40,-1.00,0,0,FALSE_TRIP_NO_FAULT
medium_d60/stuck_low_30.0,ADAPTIVE_V1,stuck_low,none,41.87,1403.10,1085.40,-1.00,-1.00,-1.00,6628.00,0,0,TRUE_VIOLATION_STOPPED_LATE_BY_E115_E104
medium_d60/stuck_low_30.0,ADAPTIVE_V1,stuck_low,unexpl300,41.87,1403.10,1085.40,-1.00,-1.00,-1.00,6628.00,0,0,TRUE_VIOLATION_STOPPED_LATE_BY_E115_E104
medium_d60/stuck_low_30.0,ADAPTIVE_V1,stuck_low,unexpl600,41.87,1403.10,1085.40,-1.00,-1.00,-1.00,6628.00,0,0,TRUE_VIOLATION_STOPPED_LATE_BY_E115_E104
medium_d60/stuck_low_30.0,ADAPTIVE_V1,stuck_low,rep2,41.87,1403.10,1085.40,-1.00,-1.00,-1.00,6628.00,0,0,TRUE_VIOLATION_STOPPED_LATE_BY_E115_E104
medium_d60/stuck_low_30.0,ADAPTIVE_V1,stuck_low,rep3,41.87,1403.10,1085.40,-1.00,-1.00,-1.00,6628.00,0,0,TRUE_VIOLATION_STOPPED_LATE_BY_E115_E104
medium_d60/stuck_low_30.0,ADAPTIVE_V1,stuck_low,rep2uncmd,41.87,1403.10,1085.40,-1.00,-1.00,-1.00,6628.00,0,0,TRUE_VIOLATION_STOPPED_LATE_BY_E115_E104
medium_d60/stuck_low_30.0,ADAPTIVE_V1,stuck_low,rep1uncmd,41.87,1403.10,1085.40,-1.00,-1.00,-1.00,6628.00,0,0,TRUE_VIOLATION_STOPPED_LATE_BY_E115_E104
medium_d60/stuck_low_30.0,ADAPTIVE_V1,stuck_low,frozen1200,41.87,1403.10,1085.40,-1.00,-1.00,-1.00,6628.00,0,0,TRUE_VIOLATION_STOPPED_LATE_BY_E115_E104
medium_d60/stuck_low_30.0,ADAPTIVE_V1,stuck_low,energy600,41.87,1403.10,1085.40,-1.00,-1.00,-1.00,6628.00,0,0,TRUE_VIOLATION_STOPPED_LATE_BY_E115_E104
medium_d60/stuck_low_30.0,ADAPTIVE_V1,stuck_low,energy1200,41.87,1403.10,1085.40,-1.00,-1.00,-1.00,6628.00,0,0,TRUE_VIOLATION_STOPPED_LATE_BY_E115_E104
medium_d60/stuck_low_30.0,ADAPTIVE_V1,stuck_low,unexpl300+rep2uncmd+energy600,41.87,1403.10,1085.40,-1.00,-1.00,-1.00,6628.00,0,0,TRUE_VIOLATION_STOPPED_LATE_BY_E115_E104
medium_d60/spike_plus3,ADAPTIVE_V1,spike,none,37.58,0.00,0.00,-1.00,-1.00,-1.00,-1.00,1,0,SAFE_UNDER_FAULT
medium_d60/spike_plus3,ADAPTIVE_V1,spike,unexpl300,37.58,0.00,0.00,-1.00,-1.00,-1.00,-1.00,1,0,SAFE_UNDER_FAULT
medium_d60/spike_plus3,ADAPTIVE_V1,spike,unexpl600,37.58,0.00,0.00,-1.00,-1.00,-1.00,-1.00,1,0,SAFE_UNDER_FAULT
medium_d60/spike_plus3,ADAPTIVE_V1,spike,rep2,37.58,0.00,0.00,-1.00,-1.00,-1.00,-1.00,1,0,SAFE_UNDER_FAULT
medium_d60/spike_plus3,ADAPTIVE_V1,spike,rep3,37.58,0.00,0.00,-1.00,-1.00,-1.00,-1.00,1,0,SAFE_UNDER_FAULT
medium_d60/spike_plus3,ADAPTIVE_V1,spike,rep2uncmd,37.58,0.00,0.00,-1.00,-1.00,-1.00,-1.00,1,0,SAFE_UNDER_FAULT
medium_d60/spike_plus3,ADAPTIVE_V1,spike,rep1uncmd,37.58,0.00,0.00,-1.00,-1.00,-1.00,-1.00,1,0,SAFE_UNDER_FAULT
medium_d60/spike_plus3,ADAPTIVE_V1,spike,frozen1200,37.58,0.00,0.00,-1.00,-1.00,-1.00,-1.00,1,0,SAFE_UNDER_FAULT
medium_d60/spike_plus3,ADAPTIVE_V1,spike,energy600,37.58,0.00,0.00,-1.00,-1.00,-1.00,-1.00,1,0,SAFE_UNDER_FAULT
medium_d60/spike_plus3,ADAPTIVE_V1,spike,energy1200,37.58,0.00,0.00,-1.00,-1.00,-1.00,-1.00,1,0,SAFE_UNDER_FAULT
medium_d60/spike_plus3,ADAPTIVE_V1,spike,unexpl300+rep2uncmd+energy600,37.58,0.00,0.00,-1.00,-1.00,-1.00,-1.00,1,0,SAFE_UNDER_FAULT
medium_d60/ssr_and_contactor_stuck,ADAPTIVE_V1,ssr_contactor_stuck,none,94.08,5211.10,5173.20,-1.00,-1.00,-1.00,-1.00,1,0,ACTUATOR_UNSTOPPABLE_BY_FIRMWARE
medium_d60/ssr_and_contactor_stuck,ADAPTIVE_V1,ssr_contactor_stuck,unexpl300,94.08,5211.10,5173.20,5865.00,465.00,-1.00,-1.00,1,0,ACTUATOR_UNSTOPPABLE_BY_FIRMWARE
medium_d60/ssr_and_contactor_stuck,ADAPTIVE_V1,ssr_contactor_stuck,unexpl600,94.08,5211.10,5173.20,6165.00,765.00,-1.00,-1.00,1,0,ACTUATOR_UNSTOPPABLE_BY_FIRMWARE
medium_d60/ssr_and_contactor_stuck,ADAPTIVE_V1,ssr_contactor_stuck,rep2,94.08,5211.10,5173.20,-1.00,-1.00,-1.00,-1.00,1,0,ACTUATOR_UNSTOPPABLE_BY_FIRMWARE
medium_d60/ssr_and_contactor_stuck,ADAPTIVE_V1,ssr_contactor_stuck,rep3,94.08,5211.10,5173.20,-1.00,-1.00,-1.00,-1.00,1,0,ACTUATOR_UNSTOPPABLE_BY_FIRMWARE
medium_d60/ssr_and_contactor_stuck,ADAPTIVE_V1,ssr_contactor_stuck,rep2uncmd,94.08,5211.10,5173.20,-1.00,-1.00,-1.00,-1.00,1,0,ACTUATOR_UNSTOPPABLE_BY_FIRMWARE
medium_d60/ssr_and_contactor_stuck,ADAPTIVE_V1,ssr_contactor_stuck,rep1uncmd,94.08,5211.10,5173.20,5599.00,199.00,-1.00,-1.00,1,0,ACTUATOR_UNSTOPPABLE_BY_FIRMWARE
medium_d60/ssr_and_contactor_stuck,ADAPTIVE_V1,ssr_contactor_stuck,frozen1200,94.08,5211.10,5173.20,-1.00,-1.00,-1.00,-1.00,1,0,ACTUATOR_UNSTOPPABLE_BY_FIRMWARE
medium_d60/ssr_and_contactor_stuck,ADAPTIVE_V1,ssr_contactor_stuck,energy600,94.08,5211.10,5173.20,-1.00,-1.00,-1.00,-1.00,1,0,ACTUATOR_UNSTOPPABLE_BY_FIRMWARE
medium_d60/ssr_and_contactor_stuck,ADAPTIVE_V1,ssr_contactor_stuck,energy1200,94.08,5211.10,5173.20,-1.00,-1.00,-1.00,-1.00,1,0,ACTUATOR_UNSTOPPABLE_BY_FIRMWARE
medium_d60/ssr_and_contactor_stuck,ADAPTIVE_V1,ssr_contactor_stuck,unexpl300+rep2uncmd+energy600,94.08,5211.10,5173.20,5865.00,465.00,-1.00,-1.00,1,0,ACTUATOR_UNSTOPPABLE_BY_FIRMWARE
heavy_d30/nofault_lag60,ADAPTIVE_V1,none,none,37.53,0.00,0.00,-1.00,-1.00,-1.00,-1.00,0,0,OK
heavy_d30/nofault_lag60,ADAPTIVE_V1,none,unexpl300,37.53,0.00,0.00,-1.00,-1.00,-1.00,-1.00,0,0,OK
heavy_d30/nofault_lag60,ADAPTIVE_V1,none,unexpl600,37.53,0.00,0.00,-1.00,-1.00,-1.00,-1.00,0,0,OK
heavy_d30/nofault_lag60,ADAPTIVE_V1,none,rep2,37.53,0.00,0.00,-1.00,-1.00,-1.00,-1.00,0,0,OK
heavy_d30/nofault_lag60,ADAPTIVE_V1,none,rep3,37.53,0.00,0.00,-1.00,-1.00,-1.00,-1.00,0,0,OK
heavy_d30/nofault_lag60,ADAPTIVE_V1,none,rep2uncmd,37.53,0.00,0.00,-1.00,-1.00,-1.00,-1.00,0,0,OK
heavy_d30/nofault_lag60,ADAPTIVE_V1,none,rep1uncmd,37.53,0.00,0.00,-1.00,-1.00,-1.00,-1.00,0,0,OK
heavy_d30/nofault_lag60,ADAPTIVE_V1,none,frozen1200,37.53,0.00,0.00,-1.00,-1.00,-1.00,-1.00,0,0,OK
heavy_d30/nofault_lag60,ADAPTIVE_V1,none,energy600,37.53,0.00,0.00,-1.00,-1.00,-1.00,-1.00,0,0,OK
heavy_d30/nofault_lag60,ADAPTIVE_V1,none,energy1200,37.53,0.00,0.00,-1.00,-1.00,-1.00,-1.00,0,0,OK
heavy_d30/nofault_lag60,ADAPTIVE_V1,none,unexpl300+rep2uncmd+energy600,37.53,0.00,0.00,-1.00,-1.00,-1.00,-1.00,0,0,OK
heavy_d30/stuck_low_36.5,ADAPTIVE_V1,stuck_low,none,44.06,3340.20,2829.80,-1.00,-1.00,6424.60,6620.00,0,0,TRUE_VIOLATION_STOPPED_LATE_BY_E115_E104
heavy_d30/stuck_low_36.5,ADAPTIVE_V1,stuck_low,unexpl300,44.06,3340.20,2829.80,-1.00,-1.00,6424.60,6620.00,0,0,TRUE_VIOLATION_STOPPED_LATE_BY_E115_E104
heavy_d30/stuck_low_36.5,ADAPTIVE_V1,stuck_low,unexpl600,44.06,3340.20,2829.80,-1.00,-1.00,6424.60,6620.00,0,0,TRUE_VIOLATION_STOPPED_LATE_BY_E115_E104
heavy_d30/stuck_low_36.5,ADAPTIVE_V1,stuck_low,rep2,44.06,3340.20,2829.80,-1.00,-1.00,6424.60,6620.00,0,0,TRUE_VIOLATION_STOPPED_LATE_BY_E115_E104
heavy_d30/stuck_low_36.5,ADAPTIVE_V1,stuck_low,rep3,44.06,3340.20,2829.80,-1.00,-1.00,6424.60,6620.00,0,0,TRUE_VIOLATION_STOPPED_LATE_BY_E115_E104
heavy_d30/stuck_low_36.5,ADAPTIVE_V1,stuck_low,rep2uncmd,44.06,3340.20,2829.80,-1.00,-1.00,6424.60,6620.00,0,0,TRUE_VIOLATION_STOPPED_LATE_BY_E115_E104
heavy_d30/stuck_low_36.5,ADAPTIVE_V1,stuck_low,rep1uncmd,44.06,3340.20,2829.80,-1.00,-1.00,6424.60,6620.00,0,0,TRUE_VIOLATION_STOPPED_LATE_BY_E115_E104
heavy_d30/stuck_low_36.5,ADAPTIVE_V1,stuck_low,frozen1200,44.06,3340.20,2829.80,6620.00,1220.00,6424.60,6620.00,0,0,TRUE_VIOLATION_STOPPED_LATE_BY_E115_E104
heavy_d30/stuck_low_36.5,ADAPTIVE_V1,stuck_low,energy600,40.41,1361.00,850.50,5904.00,504.00,-1.00,-1.00,0,0,UNDETECTED_TRUE_VIOLATION
heavy_d30/stuck_low_36.5,ADAPTIVE_V1,stuck_low,energy1200,40.19,1232.00,721.60,5873.00,473.00,-1.00,-1.00,0,0,UNDETECTED_TRUE_VIOLATION
heavy_d30/stuck_low_36.5,ADAPTIVE_V1,stuck_low,unexpl300+rep2uncmd+energy600,40.41,1361.00,850.50,5904.00,504.00,-1.00,-1.00,0,0,UNDETECTED_TRUE_VIOLATION
heavy_d30/drift_low_0.5Cph,ADAPTIVE_V1,drift_low,none,38.26,480.10,0.00,-1.00,-1.00,-1.00,-1.00,0,0,UNDETECTED_TRUE_VIOLATION
heavy_d30/drift_low_0.5Cph,ADAPTIVE_V1,drift_low,unexpl300,38.26,480.10,0.00,-1.00,-1.00,-1.00,-1.00,0,0,UNDETECTED_TRUE_VIOLATION
heavy_d30/drift_low_0.5Cph,ADAPTIVE_V1,drift_low,unexpl600,38.26,480.10,0.00,-1.00,-1.00,-1.00,-1.00,0,0,UNDETECTED_TRUE_VIOLATION
heavy_d30/drift_low_0.5Cph,ADAPTIVE_V1,drift_low,rep2,38.26,480.10,0.00,-1.00,-1.00,-1.00,-1.00,0,0,UNDETECTED_TRUE_VIOLATION
heavy_d30/drift_low_0.5Cph,ADAPTIVE_V1,drift_low,rep3,38.26,480.10,0.00,-1.00,-1.00,-1.00,-1.00,0,0,UNDETECTED_TRUE_VIOLATION
heavy_d30/drift_low_0.5Cph,ADAPTIVE_V1,drift_low,rep2uncmd,38.26,480.10,0.00,-1.00,-1.00,-1.00,-1.00,0,0,UNDETECTED_TRUE_VIOLATION
heavy_d30/drift_low_0.5Cph,ADAPTIVE_V1,drift_low,rep1uncmd,38.26,480.10,0.00,-1.00,-1.00,-1.00,-1.00,0,0,UNDETECTED_TRUE_VIOLATION
heavy_d30/drift_low_0.5Cph,ADAPTIVE_V1,drift_low,frozen1200,38.26,480.10,0.00,-1.00,-1.00,-1.00,-1.00,0,0,UNDETECTED_TRUE_VIOLATION
heavy_d30/drift_low_0.5Cph,ADAPTIVE_V1,drift_low,energy600,38.26,480.10,0.00,-1.00,-1.00,-1.00,-1.00,0,0,UNDETECTED_TRUE_VIOLATION
heavy_d30/drift_low_0.5Cph,ADAPTIVE_V1,drift_low,energy1200,38.26,480.10,0.00,-1.00,-1.00,-1.00,-1.00,0,0,UNDETECTED_TRUE_VIOLATION
heavy_d30/drift_low_0.5Cph,ADAPTIVE_V1,drift_low,unexpl300+rep2uncmd+energy600,38.26,480.10,0.00,-1.00,-1.00,-1.00,-1.00,0,0,UNDETECTED_TRUE_VIOLATION
light_d15/nofault_lag10,ADAPTIVE_V1,none,unexpl300,37.59,0.00,0.00,-1.00,-1.00,-1.00,-1.00,0,0,OK
light_d15/nofault_lag10,ADAPTIVE_V1,none,unexpl600,37.59,0.00,0.00,-1.00,-1.00,-1.00,-1.00,0,0,OK
light_d15/nofault_lag10,ADAPTIVE_V1,none,rep2,37.59,0.00,0.00,-1.00,-1.00,-1.00,-1.00,0,0,OK
light_d15/nofault_lag10,ADAPTIVE_V1,none,rep3,37.59,0.00,0.00,-1.00,-1.00,-1.00,-1.00,0,0,OK
light_d15/nofault_lag10,ADAPTIVE_V1,none,rep2uncmd,37.59,0.00,0.00,-1.00,-1.00,-1.00,-1.00,0,0,OK
light_d15/nofault_lag10,ADAPTIVE_V1,none,rep1uncmd,37.59,0.00,0.00,-1.00,-1.00,-1.00,-1.00,0,0,OK
light_d15/nofault_lag10,ADAPTIVE_V1,none,frozen1200,37.59,0.00,0.00,-1.00,-1.00,-1.00,-1.00,0,0,OK
light_d15/nofault_lag10,ADAPTIVE_V1,none,energy600,37.59,0.00,0.00,-1.00,-1.00,-1.00,-1.00,0,0,OK
light_d15/nofault_lag10,ADAPTIVE_V1,none,energy1200,37.59,0.00,0.00,-1.00,-1.00,-1.00,-1.00,0,0,OK
light_d15/nofault_lag10,ADAPTIVE_V1,none,unexpl300+rep2uncmd+energy600,37.59,0.00,0.00,-1.00,-1.00,-1.00,-1.00,0,0,OK
light_d15/disconnect120s,ADAPTIVE_V1,disconnect,none,37.59,0.00,0.00,-1.00,-1.00,-1.00,-1.00,0,0,SAFE_UNDER_FAULT
light_d15/disconnect120s,ADAPTIVE_V1,disconnect,unexpl300,37.59,0.00,0.00,-1.00,-1.00,-1.00,-1.00,0,0,SAFE_UNDER_FAULT
light_d15/disconnect120s,ADAPTIVE_V1,disconnect,unexpl600,37.59,0.00,0.00,-1.00,-1.00,-1.00,-1.00,0,0,SAFE_UNDER_FAULT
light_d15/disconnect120s,ADAPTIVE_V1,disconnect,rep2,37.59,0.00,0.00,-1.00,-1.00,-1.00,-1.00,0,0,SAFE_UNDER_FAULT
light_d15/disconnect120s,ADAPTIVE_V1,disconnect,rep3,37.59,0.00,0.00,-1.00,-1.00,-1.00,-1.00,0,0,SAFE_UNDER_FAULT
light_d15/disconnect120s,ADAPTIVE_V1,disconnect,rep2uncmd,37.59,0.00,0.00,-1.00,-1.00,-1.00,-1.00,0,0,SAFE_UNDER_FAULT
light_d15/disconnect120s,ADAPTIVE_V1,disconnect,rep1uncmd,37.59,0.00,0.00,-1.00,-1.00,-1.00,-1.00,0,0,SAFE_UNDER_FAULT
light_d15/disconnect120s,ADAPTIVE_V1,disconnect,frozen1200,37.59,0.00,0.00,-1.00,-1.00,-1.00,-1.00,0,0,SAFE_UNDER_FAULT
light_d15/disconnect120s,ADAPTIVE_V1,disconnect,energy600,37.59,0.00,0.00,-1.00,-1.00,-1.00,-1.00,0,0,SAFE_UNDER_FAULT
light_d15/disconnect120s,ADAPTIVE_V1,disconnect,energy1200,37.59,0.00,0.00,-1.00,-1.00,-1.00,-1.00,0,0,SAFE_UNDER_FAULT
light_d15/disconnect120s,ADAPTIVE_V1,disconnect,unexpl300+rep2uncmd+energy600,37.59,0.00,0.00,-1.00,-1.00,-1.00,-1.00,0,0,SAFE_UNDER_FAULT
light_d15/frozen_value,ADAPTIVE_V1,frozen_value,none,38.86,4611.70,0.00,-1.00,-1.00,-1.00,-1.00,0,0,UNDETECTED_TRUE_VIOLATION
light_d15/frozen_value,ADAPTIVE_V1,frozen_value,unexpl300,38.86,4611.70,0.00,-1.00,-1.00,-1.00,-1.00,0,0,UNDETECTED_TRUE_VIOLATION
light_d15/frozen_value,ADAPTIVE_V1,frozen_value,unexpl600,38.86,4611.70,0.00,-1.00,-1.00,-1.00,-1.00,0,0,UNDETECTED_TRUE_VIOLATION
light_d15/frozen_value,ADAPTIVE_V1,frozen_value,rep2,38.86,4611.70,0.00,-1.00,-1.00,-1.00,-1.00,0,0,UNDETECTED_TRUE_VIOLATION
light_d15/frozen_value,ADAPTIVE_V1,frozen_value,rep3,38.86,4611.70,0.00,-1.00,-1.00,-1.00,-1.00,0,0,UNDETECTED_TRUE_VIOLATION
light_d15/frozen_value,ADAPTIVE_V1,frozen_value,rep2uncmd,38.86,4611.70,0.00,-1.00,-1.00,-1.00,-1.00,0,0,UNDETECTED_TRUE_VIOLATION
light_d15/frozen_value,ADAPTIVE_V1,frozen_value,rep1uncmd,38.86,4611.70,0.00,-1.00,-1.00,-1.00,-1.00,0,0,UNDETECTED_TRUE_VIOLATION
light_d15/frozen_value,ADAPTIVE_V1,frozen_value,frozen1200,38.86,4611.70,0.00,-1.00,-1.00,-1.00,-1.00,0,0,UNDETECTED_TRUE_VIOLATION
light_d15/frozen_value,ADAPTIVE_V1,frozen_value,energy600,38.86,4611.70,0.00,-1.00,-1.00,-1.00,-1.00,0,0,UNDETECTED_TRUE_VIOLATION
light_d15/frozen_value,ADAPTIVE_V1,frozen_value,energy1200,38.86,4611.70,0.00,-1.00,-1.00,-1.00,-1.00,0,0,UNDETECTED_TRUE_VIOLATION
light_d15/frozen_value,ADAPTIVE_V1,frozen_value,unexpl300+rep2uncmd+energy600,38.86,4611.70,0.00,-1.00,-1.00,-1.00,-1.00,0,0,UNDETECTED_TRUE_VIOLATION
light_d15/ssr_stuck_on,ADAPTIVE_V1,ssr_stuck_on,none,40.21,3593.50,2263.90,-1.00,-1.00,-1.00,-1.00,25,0,TRUE_VIOLATION_DETECTED_LATE
light_d15/ssr_stuck_on,ADAPTIVE_V1,ssr_stuck_on,unexpl300,40.21,438.90,273.60,5956.00,556.00,-1.00,-1.00,3,0,TRUE_VIOLATION_DETECTED_LATE
light_d15/ssr_stuck_on,ADAPTIVE_V1,ssr_stuck_on,unexpl600,40.21,586.90,366.80,6182.00,782.00,-1.00,-1.00,4,0,TRUE_VIOLATION_DETECTED_LATE
light_d15/ssr_stuck_on,ADAPTIVE_V1,ssr_stuck_on,rep2,40.20,289.30,179.00,5655.00,255.00,-1.00,-1.00,2,0,TRUE_VIOLATION_DETECTED_LATE
light_d15/ssr_stuck_on,ADAPTIVE_V1,ssr_stuck_on,rep3,40.21,438.90,273.60,5877.00,477.00,-1.00,-1.00,3,0,TRUE_VIOLATION_DETECTED_LATE
light_d15/ssr_stuck_on,ADAPTIVE_V1,ssr_stuck_on,rep2uncmd,40.21,438.90,273.60,5877.00,477.00,-1.00,-1.00,3,0,TRUE_VIOLATION_DETECTED_LATE
light_d15/ssr_stuck_on,ADAPTIVE_V1,ssr_stuck_on,rep1uncmd,40.20,289.30,179.00,5655.00,255.00,-1.00,-1.00,2,0,TRUE_VIOLATION_DETECTED_LATE
light_d15/ssr_stuck_on,ADAPTIVE_V1,ssr_stuck_on,frozen1200,40.21,3593.50,2263.90,-1.00,-1.00,-1.00,-1.00,25,0,TRUE_VIOLATION_DETECTED_LATE
light_d15/ssr_stuck_on,ADAPTIVE_V1,ssr_stuck_on,energy600,40.21,3593.50,2263.90,-1.00,-1.00,-1.00,-1.00,25,0,TRUE_VIOLATION_DETECTED_LATE
light_d15/ssr_stuck_on,ADAPTIVE_V1,ssr_stuck_on,energy1200,40.21,3593.50,2263.90,-1.00,-1.00,-1.00,-1.00,25,0,TRUE_VIOLATION_DETECTED_LATE
light_d15/ssr_stuck_on,ADAPTIVE_V1,ssr_stuck_on,unexpl300+rep2uncmd+energy600,40.21,438.90,273.60,5877.00,477.00,-1.00,-1.00,3,0,TRUE_VIOLATION_DETECTED_LATE
medium_d15/nofault_lag30,ADAPTIVE_V1,none,none,37.37,0.00,0.00,-1.00,-1.00,6502.10,-1.00,0,0,FALSE_TRIP_NO_FAULT
medium_d15/nofault_lag30,ADAPTIVE_V1,none,unexpl300,37.37,0.00,0.00,-1.00,-1.00,6502.10,-1.00,0,0,FALSE_TRIP_NO_FAULT
medium_d15/nofault_lag30,ADAPTIVE_V1,none,unexpl600,37.37,0.00,0.00,-1.00,-1.00,6502.10,-1.00,0,0,FALSE_TRIP_NO_FAULT
medium_d15/nofault_lag30,ADAPTIVE_V1,none,rep2,37.37,0.00,0.00,-1.00,-1.00,6502.10,-1.00,0,0,FALSE_TRIP_NO_FAULT
medium_d15/nofault_lag30,ADAPTIVE_V1,none,rep3,37.37,0.00,0.00,-1.00,-1.00,6502.10,-1.00,0,0,FALSE_TRIP_NO_FAULT
medium_d15/nofault_lag30,ADAPTIVE_V1,none,rep2uncmd,37.37,0.00,0.00,-1.00,-1.00,6502.10,-1.00,0,0,FALSE_TRIP_NO_FAULT
medium_d15/nofault_lag30,ADAPTIVE_V1,none,rep1uncmd,37.37,0.00,0.00,-1.00,-1.00,6502.10,-1.00,0,0,FALSE_TRIP_NO_FAULT
medium_d15/nofault_lag30,ADAPTIVE_V1,none,frozen1200,37.37,0.00,0.00,-1.00,-1.00,6502.10,-1.00,0,0,FALSE_TRIP_NO_FAULT
medium_d15/nofault_lag30,ADAPTIVE_V1,none,energy600,37.37,0.00,0.00,-1.00,-1.00,6502.10,-1.00,0,0,FALSE_TRIP_NO_FAULT
medium_d15/nofault_lag30,ADAPTIVE_V1,none,energy1200,37.37,0.00,0.00,-1.00,-1.00,6502.10,-1.00,0,0,FALSE_TRIP_NO_FAULT
medium_d15/nofault_lag30,ADAPTIVE_V1,none,unexpl300+rep2uncmd+energy600,37.37,0.00,0.00,-1.00,-1.00,6502.10,-1.00,0,0,FALSE_TRIP_NO_FAULT
medium_d15/stuck_low_30.0,ADAPTIVE_V1,stuck_low,none,53.31,3072.90,2751.40,-1.00,-1.00,6523.10,6642.00,0,0,TRUE_VIOLATION_STOPPED_LATE_BY_E115_E104
medium_d15/stuck_low_30.0,ADAPTIVE_V1,stuck_low,unexpl300,53.31,3072.90,2751.40,-1.00,-1.00,6523.10,6642.00,0,0,TRUE_VIOLATION_STOPPED_LATE_BY_E115_E104
medium_d15/stuck_low_30.0,ADAPTIVE_V1,stuck_low,unexpl600,53.31,3072.90,2751.40,-1.00,-1.00,6523.10,6642.00,0,0,TRUE_VIOLATION_STOPPED_LATE_BY_E115_E104
medium_d15/stuck_low_30.0,ADAPTIVE_V1,stuck_low,rep2,53.31,3072.90,2751.40,-1.00,-1.00,6523.10,6642.00,0,0,TRUE_VIOLATION_STOPPED_LATE_BY_E115_E104
medium_d15/stuck_low_30.0,ADAPTIVE_V1,stuck_low,rep3,53.31,3072.90,2751.40,-1.00,-1.00,6523.10,6642.00,0,0,TRUE_VIOLATION_STOPPED_LATE_BY_E115_E104
medium_d15/stuck_low_30.0,ADAPTIVE_V1,stuck_low,rep2uncmd,53.31,3072.90,2751.40,-1.00,-1.00,6523.10,6642.00,0,0,TRUE_VIOLATION_STOPPED_LATE_BY_E115_E104
medium_d15/stuck_low_30.0,ADAPTIVE_V1,stuck_low,rep1uncmd,53.31,3072.90,2751.40,-1.00,-1.00,6523.10,6642.00,0,0,TRUE_VIOLATION_STOPPED_LATE_BY_E115_E104
medium_d15/stuck_low_30.0,ADAPTIVE_V1,stuck_low,frozen1200,53.31,3072.90,2751.40,6642.00,1242.00,6523.10,6642.00,0,0,TRUE_VIOLATION_STOPPED_LATE_BY_E115_E104
medium_d15/stuck_low_30.0,ADAPTIVE_V1,stuck_low,energy600,40.53,772.80,451.40,5832.00,432.00,-1.00,-1.00,0,0,UNDETECTED_TRUE_VIOLATION
medium_d15/stuck_low_30.0,ADAPTIVE_V1,stuck_low,energy1200,40.33,729.50,408.00,5822.00,422.00,-1.00,-1.00,0,0,UNDETECTED_TRUE_VIOLATION
medium_d15/stuck_low_30.0,ADAPTIVE_V1,stuck_low,unexpl300+rep2uncmd+energy600,40.53,772.80,451.40,5832.00,432.00,-1.00,-1.00,0,0,UNDETECTED_TRUE_VIOLATION
medium_d15/spike_plus3,ADAPTIVE_V1,spike,none,37.58,0.00,0.00,-1.00,-1.00,-1.00,-1.00,1,0,SAFE_UNDER_FAULT
medium_d15/spike_plus3,ADAPTIVE_V1,spike,unexpl300,37.58,0.00,0.00,-1.00,-1.00,-1.00,-1.00,1,0,SAFE_UNDER_FAULT
medium_d15/spike_plus3,ADAPTIVE_V1,spike,unexpl600,37.58,0.00,0.00,-1.00,-1.00,-1.00,-1.00,1,0,SAFE_UNDER_FAULT
medium_d15/spike_plus3,ADAPTIVE_V1,spike,rep2,37.58,0.00,0.00,-1.00,-1.00,-1.00,-1.00,1,0,SAFE_UNDER_FAULT
medium_d15/spike_plus3,ADAPTIVE_V1,spike,rep3,37.58,0.00,0.00,-1.00,-1.00,-1.00,-1.00,1,0,SAFE_UNDER_FAULT
medium_d15/spike_plus3,ADAPTIVE_V1,spike,rep2uncmd,37.58,0.00,0.00,-1.00,-1.00,-1.00,-1.00,1,0,SAFE_UNDER_FAULT
medium_d15/spike_plus3,ADAPTIVE_V1,spike,rep1uncmd,37.58,0.00,0.00,-1.00,-1.00,-1.00,-1.00,1,0,SAFE_UNDER_FAULT
medium_d15/spike_plus3,ADAPTIVE_V1,spike,frozen1200,37.58,0.00,0.00,-1.00,-1.00,-1.00,-1.00,1,0,SAFE_UNDER_FAULT
medium_d15/spike_plus3,ADAPTIVE_V1,spike,energy600,37.58,0.00,0.00,-1.00,-1.00,-1.00,-1.00,1,0,SAFE_UNDER_FAULT
medium_d15/spike_plus3,ADAPTIVE_V1,spike,energy1200,37.58,0.00,0.00,-1.00,-1.00,-1.00,-1.00,1,0,SAFE_UNDER_FAULT
medium_d15/spike_plus3,ADAPTIVE_V1,spike,unexpl300+rep2uncmd+energy600,37.58,0.00,0.00,-1.00,-1.00,-1.00,-1.00,1,0,SAFE_UNDER_FAULT
medium_d15/ssr_and_contactor_stuck,ADAPTIVE_V1,ssr_contactor_stuck,none,94.65,5342.20,5304.20,-1.00,-1.00,-1.00,-1.00,1,0,ACTUATOR_UNSTOPPABLE_BY_FIRMWARE
medium_d15/ssr_and_contactor_stuck,ADAPTIVE_V1,ssr_contactor_stuck,unexpl300,94.65,5342.20,5304.20,5808.00,408.00,-1.00,-1.00,1,0,ACTUATOR_UNSTOPPABLE_BY_FIRMWARE
medium_d15/ssr_and_contactor_stuck,ADAPTIVE_V1,ssr_contactor_stuck,unexpl600,94.65,5342.20,5304.20,6108.00,708.00,-1.00,-1.00,1,0,ACTUATOR_UNSTOPPABLE_BY_FIRMWARE
medium_d15/ssr_and_contactor_stuck,ADAPTIVE_V1,ssr_contactor_stuck,rep2,94.65,5342.20,5304.20,-1.00,-1.00,-1.00,-1.00,1,0,ACTUATOR_UNSTOPPABLE_BY_FIRMWARE
medium_d15/ssr_and_contactor_stuck,ADAPTIVE_V1,ssr_contactor_stuck,rep3,94.65,5342.20,5304.20,-1.00,-1.00,-1.00,-1.00,1,0,ACTUATOR_UNSTOPPABLE_BY_FIRMWARE
medium_d15/ssr_and_contactor_stuck,ADAPTIVE_V1,ssr_contactor_stuck,rep2uncmd,94.65,5342.20,5304.20,-1.00,-1.00,-1.00,-1.00,1,0,ACTUATOR_UNSTOPPABLE_BY_FIRMWARE
medium_d15/ssr_and_contactor_stuck,ADAPTIVE_V1,ssr_contactor_stuck,rep1uncmd,94.65,5342.20,5304.20,-1.00,-1.00,-1.00,-1.00,1,0,ACTUATOR_UNSTOPPABLE_BY_FIRMWARE
medium_d15/ssr_and_contactor_stuck,ADAPTIVE_V1,ssr_contactor_stuck,frozen1200,94.65,5342.20,5304.20,-1.00,-1.00,-1.00,-1.00,1,0,ACTUATOR_UNSTOPPABLE_BY_FIRMWARE
medium_d15/ssr_and_contactor_stuck,ADAPTIVE_V1,ssr_contactor_stuck,energy600,94.65,5342.20,5304.20,-1.00,-1.00,-1.00,-1.00,1,0,ACTUATOR_UNSTOPPABLE_BY_FIRMWARE
medium_d15/ssr_and_contactor_stuck,ADAPTIVE_V1,ssr_contactor_stuck,energy1200,94.65,5342.20,5304.20,-1.00,-1.00,-1.00,-1.00,1,0,ACTUATOR_UNSTOPPABLE_BY_FIRMWARE
medium_d15/ssr_and_contactor_stuck,ADAPTIVE_V1,ssr_contactor_stuck,unexpl300+rep2uncmd+energy600,94.65,5342.20,5304.20,5808.00,408.00,-1.00,-1.00,1,0,ACTUATOR_UNSTOPPABLE_BY_FIRMWARE
medium_d60/nofault_lag60,ADAPTIVE_V1,none,none,37.85,0.00,0.00,-1.00,-1.00,-1.00,-1.00,0,0,OK
medium_d60/nofault_lag60,ADAPTIVE_V1,none,unexpl300,37.85,0.00,0.00,-1.00,-1.00,-1.00,-1.00,0,0,OK
medium_d60/nofault_lag60,ADAPTIVE_V1,none,unexpl600,37.85,0.00,0.00,-1.00,-1.00,-1.00,-1.00,0,0,OK
medium_d60/nofault_lag60,ADAPTIVE_V1,none,rep2,37.85,0.00,0.00,-1.00,-1.00,-1.00,-1.00,0,0,OK
medium_d60/nofault_lag60,ADAPTIVE_V1,none,rep3,37.85,0.00,0.00,-1.00,-1.00,-1.00,-1.00,0,0,OK
medium_d60/nofault_lag60,ADAPTIVE_V1,none,rep2uncmd,37.85,0.00,0.00,-1.00,-1.00,-1.00,-1.00,0,0,OK
medium_d60/nofault_lag60,ADAPTIVE_V1,none,rep1uncmd,37.85,0.00,0.00,-1.00,-1.00,-1.00,-1.00,0,0,OK
medium_d60/nofault_lag60,ADAPTIVE_V1,none,frozen1200,37.85,0.00,0.00,-1.00,-1.00,-1.00,-1.00,0,0,OK
medium_d60/nofault_lag60,ADAPTIVE_V1,none,energy600,37.85,0.00,0.00,-1.00,-1.00,-1.00,-1.00,0,0,OK
medium_d60/nofault_lag60,ADAPTIVE_V1,none,energy1200,37.85,0.00,0.00,-1.00,-1.00,-1.00,-1.00,0,0,OK
medium_d60/nofault_lag60,ADAPTIVE_V1,none,unexpl300+rep2uncmd+energy600,37.85,0.00,0.00,-1.00,-1.00,-1.00,-1.00,0,0,OK
medium_d60/stuck_low_36.5,ADAPTIVE_V1,stuck_low,none,49.16,2167.90,1979.90,-1.00,-1.00,-1.00,6622.00,0,0,TRUE_VIOLATION_STOPPED_LATE_BY_E115_E104
medium_d60/stuck_low_36.5,ADAPTIVE_V1,stuck_low,unexpl300,49.16,2167.90,1979.90,-1.00,-1.00,-1.00,6622.00,0,0,TRUE_VIOLATION_STOPPED_LATE_BY_E115_E104
medium_d60/stuck_low_36.5,ADAPTIVE_V1,stuck_low,unexpl600,49.16,2167.90,1979.90,-1.00,-1.00,-1.00,6622.00,0,0,TRUE_VIOLATION_STOPPED_LATE_BY_E115_E104
medium_d60/stuck_low_36.5,ADAPTIVE_V1,stuck_low,rep2,49.16,2167.90,1979.90,-1.00,-1.00,-1.00,6622.00,0,0,TRUE_VIOLATION_STOPPED_LATE_BY_E115_E104
medium_d60/stuck_low_36.5,ADAPTIVE_V1,stuck_low,rep3,49.16,2167.90,1979.90,-1.00,-1.00,-1.00,6622.00,0,0,TRUE_VIOLATION_STOPPED_LATE_BY_E115_E104
medium_d60/stuck_low_36.5,ADAPTIVE_V1,stuck_low,rep2uncmd,49.16,2167.90,1979.90,-1.00,-1.00,-1.00,6622.00,0,0,TRUE_VIOLATION_STOPPED_LATE_BY_E115_E104
medium_d60/stuck_low_36.5,ADAPTIVE_V1,stuck_low,rep1uncmd,49.16,2167.90,1979.90,-1.00,-1.00,-1.00,6622.00,0,0,TRUE_VIOLATION_STOPPED_LATE_BY_E115_E104
medium_d60/stuck_low_36.5,ADAPTIVE_V1,stuck_low,frozen1200,49.16,2167.90,1979.90,6622.00,1222.00,-1.00,6622.00,0,0,TRUE_VIOLATION_STOPPED_LATE_BY_E115_E104
medium_d60/stuck_low_36.5,ADAPTIVE_V1,stuck_low,energy600,41.26,694.10,506.10,6199.00,799.00,-1.00,-1.00,0,0,UNDETECTED_TRUE_VIOLATION
medium_d60/stuck_low_36.5,ADAPTIVE_V1,stuck_low,energy1200,45.94,1599.70,1411.70,6443.00,1043.00,-1.00,6622.00,0,0,TRUE_VIOLATION_STOPPED_LATE_BY_E115_E104
medium_d60/stuck_low_36.5,ADAPTIVE_V1,stuck_low,unexpl300+rep2uncmd+energy600,41.26,694.10,506.10,6199.00,799.00,-1.00,-1.00,0,0,UNDETECTED_TRUE_VIOLATION
medium_d60/drift_low_0.5Cph,ADAPTIVE_V1,drift_low,none,38.15,0.00,0.00,-1.00,-1.00,-1.00,-1.00,0,0,SAFE_UNDER_FAULT
medium_d60/drift_low_0.5Cph,ADAPTIVE_V1,drift_low,unexpl300,38.15,0.00,0.00,-1.00,-1.00,-1.00,-1.00,0,0,SAFE_UNDER_FAULT
medium_d60/drift_low_0.5Cph,ADAPTIVE_V1,drift_low,unexpl600,38.15,0.00,0.00,-1.00,-1.00,-1.00,-1.00,0,0,SAFE_UNDER_FAULT
medium_d60/drift_low_0.5Cph,ADAPTIVE_V1,drift_low,rep2,38.15,0.00,0.00,-1.00,-1.00,-1.00,-1.00,0,0,SAFE_UNDER_FAULT
medium_d60/drift_low_0.5Cph,ADAPTIVE_V1,drift_low,rep3,38.15,0.00,0.00,-1.00,-1.00,-1.00,-1.00,0,0,SAFE_UNDER_FAULT
medium_d60/drift_low_0.5Cph,ADAPTIVE_V1,drift_low,rep2uncmd,38.15,0.00,0.00,-1.00,-1.00,-1.00,-1.00,0,0,SAFE_UNDER_FAULT
medium_d60/drift_low_0.5Cph,ADAPTIVE_V1,drift_low,rep1uncmd,38.15,0.00,0.00,-1.00,-1.00,-1.00,-1.00,0,0,SAFE_UNDER_FAULT
medium_d60/drift_low_0.5Cph,ADAPTIVE_V1,drift_low,frozen1200,38.15,0.00,0.00,-1.00,-1.00,-1.00,-1.00,0,0,SAFE_UNDER_FAULT
medium_d60/drift_low_0.5Cph,ADAPTIVE_V1,drift_low,energy600,38.15,0.00,0.00,-1.00,-1.00,-1.00,-1.00,0,0,SAFE_UNDER_FAULT
medium_d60/drift_low_0.5Cph,ADAPTIVE_V1,drift_low,energy1200,38.15,0.00,0.00,-1.00,-1.00,-1.00,-1.00,0,0,SAFE_UNDER_FAULT
medium_d60/drift_low_0.5Cph,ADAPTIVE_V1,drift_low,unexpl300+rep2uncmd+energy600,38.15,0.00,0.00,-1.00,-1.00,-1.00,-1.00,0,0,SAFE_UNDER_FAULT
heavy_d30/nofault_lag0,ADAPTIVE_V1,none,none,37.56,0.00,0.00,-1.00,-1.00,-1.00,-1.00,0,0,OK
heavy_d30/nofault_lag0,ADAPTIVE_V1,none,unexpl300,37.56,0.00,0.00,-1.00,-1.00,-1.00,-1.00,0,0,OK
heavy_d30/nofault_lag0,ADAPTIVE_V1,none,unexpl600,37.56,0.00,0.00,-1.00,-1.00,-1.00,-1.00,0,0,OK
heavy_d30/nofault_lag0,ADAPTIVE_V1,none,rep2,37.56,0.00,0.00,-1.00,-1.00,-1.00,-1.00,0,0,OK
heavy_d30/nofault_lag0,ADAPTIVE_V1,none,rep3,37.56,0.00,0.00,-1.00,-1.00,-1.00,-1.00,0,0,OK
heavy_d30/nofault_lag0,ADAPTIVE_V1,none,rep2uncmd,37.56,0.00,0.00,-1.00,-1.00,-1.00,-1.00,0,0,OK
heavy_d30/nofault_lag0,ADAPTIVE_V1,none,rep1uncmd,37.56,0.00,0.00,-1.00,-1.00,-1.00,-1.00,0,0,OK
heavy_d30/nofault_lag0,ADAPTIVE_V1,none,frozen1200,37.56,0.00,0.00,-1.00,-1.00,-1.00,-1.00,0,0,OK
heavy_d30/nofault_lag0,ADAPTIVE_V1,none,energy600,37.56,0.00,0.00,-1.00,-1.00,-1.00,-1.00,0,0,OK
heavy_d30/nofault_lag0,ADAPTIVE_V1,none,energy1200,37.56,0.00,0.00,-1.00,-1.00,-1.00,-1.00,0,0,OK
heavy_d30/nofault_lag0,ADAPTIVE_V1,none,unexpl300+rep2uncmd+energy600,37.56,0.00,0.00,-1.00,-1.00,-1.00,-1.00,0,0,OK
heavy_d30/offset_neg0.5,ADAPTIVE_V1,none,none,37.88,0.00,0.00,-1.00,-1.00,-1.00,-1.00,0,0,OK
heavy_d30/offset_neg0.5,ADAPTIVE_V1,none,unexpl300,37.88,0.00,0.00,-1.00,-1.00,-1.00,-1.00,0,0,OK
heavy_d30/offset_neg0.5,ADAPTIVE_V1,none,unexpl600,37.88,0.00,0.00,-1.00,-1.00,-1.00,-1.00,0,0,OK
heavy_d30/offset_neg0.5,ADAPTIVE_V1,none,rep2,37.88,0.00,0.00,-1.00,-1.00,-1.00,-1.00,0,0,OK
heavy_d30/offset_neg0.5,ADAPTIVE_V1,none,rep3,37.88,0.00,0.00,-1.00,-1.00,-1.00,-1.00,0,0,OK
heavy_d30/offset_neg0.5,ADAPTIVE_V1,none,rep2uncmd,37.88,0.00,0.00,-1.00,-1.00,-1.00,-1.00,0,0,OK
heavy_d30/offset_neg0.5,ADAPTIVE_V1,none,rep1uncmd,37.88,0.00,0.00,-1.00,-1.00,-1.00,-1.00,0,0,OK
heavy_d30/offset_neg0.5,ADAPTIVE_V1,none,frozen1200,37.88,0.00,0.00,-1.00,-1.00,-1.00,-1.00,0,0,OK
heavy_d30/offset_neg0.5,ADAPTIVE_V1,none,energy600,37.88,0.00,0.00,-1.00,-1.00,-1.00,-1.00,0,0,OK
heavy_d30/offset_neg0.5,ADAPTIVE_V1,none,energy1200,37.88,0.00,0.00,-1.00,-1.00,-1.00,-1.00,0,0,OK
heavy_d30/offset_neg0.5,ADAPTIVE_V1,none,unexpl300+rep2uncmd+energy600,37.88,0.00,0.00,-1.00,-1.00,-1.00,-1.00,0,0,OK
heavy_d30/stuck_high_40.0,ADAPTIVE_V1,stuck_high,none,37.49,0.00,0.00,-1.00,-1.00,-1.00,-1.00,1,0,SAFE_UNDER_FAULT
heavy_d30/stuck_high_40.0,ADAPTIVE_V1,stuck_high,unexpl300,37.49,0.00,0.00,-1.00,-1.00,-1.00,-1.00,1,0,SAFE_UNDER_FAULT
heavy_d30/stuck_high_40.0,ADAPTIVE_V1,stuck_high,unexpl600,37.49,0.00,0.00,-1.00,-1.00,-1.00,-1.00,1,0,SAFE_UNDER_FAULT
heavy_d30/stuck_high_40.0,ADAPTIVE_V1,stuck_high,rep2,37.49,0.00,0.00,-1.00,-1.00,-1.00,-1.00,1,0,SAFE_UNDER_FAULT
heavy_d30/stuck_high_40.0,ADAPTIVE_V1,stuck_high,rep3,37.49,0.00,0.00,-1.00,-1.00,-1.00,-1.00,1,0,SAFE_UNDER_FAULT
heavy_d30/stuck_high_40.0,ADAPTIVE_V1,stuck_high,rep2uncmd,37.49,0.00,0.00,-1.00,-1.00,-1.00,-1.00,1,0,SAFE_UNDER_FAULT
heavy_d30/stuck_high_40.0,ADAPTIVE_V1,stuck_high,rep1uncmd,37.49,0.00,0.00,-1.00,-1.00,-1.00,-1.00,1,0,SAFE_UNDER_FAULT
heavy_d30/stuck_high_40.0,ADAPTIVE_V1,stuck_high,frozen1200,37.49,0.00,0.00,-1.00,-1.00,-1.00,-1.00,1,0,SAFE_UNDER_FAULT
heavy_d30/stuck_high_40.0,ADAPTIVE_V1,stuck_high,energy600,37.49,0.00,0.00,-1.00,-1.00,-1.00,-1.00,1,0,SAFE_UNDER_FAULT
heavy_d30/stuck_high_40.0,ADAPTIVE_V1,stuck_high,energy1200,37.49,0.00,0.00,-1.00,-1.00,-1.00,-1.00,1,0,SAFE_UNDER_FAULT
heavy_d30/stuck_high_40.0,ADAPTIVE_V1,stuck_high,unexpl300+rep2uncmd+energy600,37.49,0.00,0.00,-1.00,-1.00,-1.00,-1.00,1,0,SAFE_UNDER_FAULT
heavy_d30/drift_low_2Cph,ADAPTIVE_V1,drift_low,none,40.56,4061.80,2311.50,-1.00,-1.00,-1.00,-1.00,0,0,UNDETECTED_TRUE_VIOLATION
heavy_d30/drift_low_2Cph,ADAPTIVE_V1,drift_low,unexpl300,40.56,4061.80,2311.50,-1.00,-1.00,-1.00,-1.00,0,0,UNDETECTED_TRUE_VIOLATION
heavy_d30/drift_low_2Cph,ADAPTIVE_V1,drift_low,unexpl600,40.56,4061.80,2311.50,-1.00,-1.00,-1.00,-1.00,0,0,UNDETECTED_TRUE_VIOLATION
heavy_d30/drift_low_2Cph,ADAPTIVE_V1,drift_low,rep2,40.56,4061.80,2311.50,-1.00,-1.00,-1.00,-1.00,0,0,UNDETECTED_TRUE_VIOLATION
heavy_d30/drift_low_2Cph,ADAPTIVE_V1,drift_low,rep3,40.56,4061.80,2311.50,-1.00,-1.00,-1.00,-1.00,0,0,UNDETECTED_TRUE_VIOLATION
heavy_d30/drift_low_2Cph,ADAPTIVE_V1,drift_low,rep2uncmd,40.56,4061.80,2311.50,-1.00,-1.00,-1.00,-1.00,0,0,UNDETECTED_TRUE_VIOLATION
heavy_d30/drift_low_2Cph,ADAPTIVE_V1,drift_low,rep1uncmd,40.56,4061.80,2311.50,-1.00,-1.00,-1.00,-1.00,0,0,UNDETECTED_TRUE_VIOLATION
heavy_d30/drift_low_2Cph,ADAPTIVE_V1,drift_low,frozen1200,40.56,4061.80,2311.50,-1.00,-1.00,-1.00,-1.00,0,0,UNDETECTED_TRUE_VIOLATION
heavy_d30/drift_low_2Cph,ADAPTIVE_V1,drift_low,energy600,40.56,4061.80,2311.50,-1.00,-1.00,-1.00,-1.00,0,0,UNDETECTED_TRUE_VIOLATION
heavy_d30/drift_low_2Cph,ADAPTIVE_V1,drift_low,energy1200,40.56,4061.80,2311.50,-1.00,-1.00,-1.00,-1.00,0,0,UNDETECTED_TRUE_VIOLATION
heavy_d30/drift_low_2Cph,ADAPTIVE_V1,drift_low,unexpl300+rep2uncmd+energy600,40.56,4061.80,2311.50,-1.00,-1.00,-1.00,-1.00,0,0,UNDETECTED_TRUE_VIOLATION
light_d15/nofault_lag30,ADAPTIVE_V1,none,unexpl300,37.34,0.00,0.00,-1.00,-1.00,6063.50,-1.00,0,0,FALSE_TRIP_NO_FAULT
light_d15/nofault_lag30,ADAPTIVE_V1,none,unexpl600,37.34,0.00,0.00,-1.00,-1.00,6063.50,-1.00,0,0,FALSE_TRIP_NO_FAULT
light_d15/nofault_lag30,ADAPTIVE_V1,none,rep2,37.34,0.00,0.00,-1.00,-1.00,6063.50,-1.00,0,0,FALSE_TRIP_NO_FAULT
light_d15/nofault_lag30,ADAPTIVE_V1,none,rep3,37.34,0.00,0.00,-1.00,-1.00,6063.50,-1.00,0,0,FALSE_TRIP_NO_FAULT
light_d15/nofault_lag30,ADAPTIVE_V1,none,rep2uncmd,37.34,0.00,0.00,-1.00,-1.00,6063.50,-1.00,0,0,FALSE_TRIP_NO_FAULT
light_d15/nofault_lag30,ADAPTIVE_V1,none,rep1uncmd,37.34,0.00,0.00,-1.00,-1.00,6063.50,-1.00,0,0,FALSE_TRIP_NO_FAULT
light_d15/nofault_lag30,ADAPTIVE_V1,none,frozen1200,37.34,0.00,0.00,-1.00,-1.00,6063.50,-1.00,0,0,FALSE_TRIP_NO_FAULT
light_d15/nofault_lag30,ADAPTIVE_V1,none,energy600,37.34,0.00,0.00,-1.00,-1.00,6063.50,-1.00,0,0,FALSE_TRIP_NO_FAULT
light_d15/nofault_lag30,ADAPTIVE_V1,none,energy1200,37.34,0.00,0.00,-1.00,-1.00,6063.50,-1.00,0,0,FALSE_TRIP_NO_FAULT
light_d15/nofault_lag30,ADAPTIVE_V1,none,unexpl300+rep2uncmd+energy600,37.34,0.00,0.00,-1.00,-1.00,6063.50,-1.00,0,0,FALSE_TRIP_NO_FAULT
light_d15/stuck_low_30.0,ADAPTIVE_V1,stuck_low,none,77.62,2243.50,2188.60,-1.00,-1.00,6522.80,6642.00,0,0,TRUE_VIOLATION_STOPPED_LATE_BY_E115_E104
light_d15/stuck_low_30.0,ADAPTIVE_V1,stuck_low,unexpl300,77.62,2243.50,2188.60,-1.00,-1.00,6522.80,6642.00,0,0,TRUE_VIOLATION_STOPPED_LATE_BY_E115_E104
light_d15/stuck_low_30.0,ADAPTIVE_V1,stuck_low,unexpl600,77.62,2243.50,2188.60,-1.00,-1.00,6522.80,6642.00,0,0,TRUE_VIOLATION_STOPPED_LATE_BY_E115_E104
light_d15/stuck_low_30.0,ADAPTIVE_V1,stuck_low,rep2,77.62,2243.50,2188.60,-1.00,-1.00,6522.80,6642.00,0,0,TRUE_VIOLATION_STOPPED_LATE_BY_E115_E104
light_d15/stuck_low_30.0,ADAPTIVE_V1,stuck_low,rep3,77.62,2243.50,2188.60,-1.00,-1.00,6522.80,6642.00,0,0,TRUE_VIOLATION_STOPPED_LATE_BY_E115_E104
light_d15/stuck_low_30.0,ADAPTIVE_V1,stuck_low,rep2uncmd,77.62,2243.50,2188.60,-1.00,-1.00,6522.80,6642.00,0,0,TRUE_VIOLATION_STOPPED_LATE_BY_E115_E104
light_d15/stuck_low_30.0,ADAPTIVE_V1,stuck_low,rep1uncmd,77.62,2243.50,2188.60,-1.00,-1.00,6522.80,6642.00,0,0,TRUE_VIOLATION_STOPPED_LATE_BY_E115_E104
light_d15/stuck_low_30.0,ADAPTIVE_V1,stuck_low,frozen1200,77.62,2243.50,2188.60,6642.00,1242.00,6522.80,6642.00,0,0,TRUE_VIOLATION_STOPPED_LATE_BY_E115_E104
light_d15/stuck_low_30.0,ADAPTIVE_V1,stuck_low,energy600,43.48,542.90,487.90,5764.00,364.00,-1.00,-1.00,0,0,UNDETECTED_TRUE_VIOLATION
light_d15/stuck_low_30.0,ADAPTIVE_V1,stuck_low,energy1200,43.48,542.90,487.90,5764.00,364.00,-1.00,-1.00,0,0,UNDETECTED_TRUE_VIOLATION
light_d15/stuck_low_30.0,ADAPTIVE_V1,stuck_low,unexpl300+rep2uncmd+energy600,43.48,542.90,487.90,5764.00,364.00,-1.00,-1.00,0,0,UNDETECTED_TRUE_VIOLATION
light_d15/spike_plus3,ADAPTIVE_V1,spike,none,37.59,0.00,0.00,-1.00,-1.00,-1.00,-1.00,1,0,SAFE_UNDER_FAULT
light_d15/spike_plus3,ADAPTIVE_V1,spike,unexpl300,37.59,0.00,0.00,-1.00,-1.00,-1.00,-1.00,1,0,SAFE_UNDER_FAULT
light_d15/spike_plus3,ADAPTIVE_V1,spike,unexpl600,37.59,0.00,0.00,-1.00,-1.00,-1.00,-1.00,1,0,SAFE_UNDER_FAULT
light_d15/spike_plus3,ADAPTIVE_V1,spike,rep2,37.59,0.00,0.00,-1.00,-1.00,-1.00,-1.00,1,0,SAFE_UNDER_FAULT
light_d15/spike_plus3,ADAPTIVE_V1,spike,rep3,37.59,0.00,0.00,-1.00,-1.00,-1.00,-1.00,1,0,SAFE_UNDER_FAULT
light_d15/spike_plus3,ADAPTIVE_V1,spike,rep2uncmd,37.59,0.00,0.00,-1.00,-1.00,-1.00,-1.00,1,0,SAFE_UNDER_FAULT
light_d15/spike_plus3,ADAPTIVE_V1,spike,rep1uncmd,37.59,0.00,0.00,-1.00,-1.00,-1.00,-1.00,1,0,SAFE_UNDER_FAULT
light_d15/spike_plus3,ADAPTIVE_V1,spike,frozen1200,37.59,0.00,0.00,-1.00,-1.00,-1.00,-1.00,1,0,SAFE_UNDER_FAULT
light_d15/spike_plus3,ADAPTIVE_V1,spike,energy600,37.59,0.00,0.00,-1.00,-1.00,-1.00,-1.00,1,0,SAFE_UNDER_FAULT
light_d15/spike_plus3,ADAPTIVE_V1,spike,energy1200,37.59,0.00,0.00,-1.00,-1.00,-1.00,-1.00,1,0,SAFE_UNDER_FAULT
light_d15/spike_plus3,ADAPTIVE_V1,spike,unexpl300+rep2uncmd+energy600,37.59,0.00,0.00,-1.00,-1.00,-1.00,-1.00,1,0,SAFE_UNDER_FAULT
light_d15/ssr_and_contactor_stuck,ADAPTIVE_V1,ssr_contactor_stuck,none,108.56,5369.30,5357.00,-1.00,-1.00,-1.00,-1.00,1,0,ACTUATOR_UNSTOPPABLE_BY_FIRMWARE
light_d15/ssr_and_contactor_stuck,ADAPTIVE_V1,ssr_contactor_stuck,unexpl300,108.56,5369.30,5357.00,5784.00,384.00,-1.00,-1.00,1,0,ACTUATOR_UNSTOPPABLE_BY_FIRMWARE
light_d15/ssr_and_contactor_stuck,ADAPTIVE_V1,ssr_contactor_stuck,unexpl600,108.56,5369.30,5357.00,6084.00,684.00,-1.00,-1.00,1,0,ACTUATOR_UNSTOPPABLE_BY_FIRMWARE
light_d15/ssr_and_contactor_stuck,ADAPTIVE_V1,ssr_contactor_stuck,rep2,108.56,5369.30,5357.00,-1.00,-1.00,-1.00,-1.00,1,0,ACTUATOR_UNSTOPPABLE_BY_FIRMWARE
light_d15/ssr_and_contactor_stuck,ADAPTIVE_V1,ssr_contactor_stuck,rep3,108.56,5369.30,5357.00,-1.00,-1.00,-1.00,-1.00,1,0,ACTUATOR_UNSTOPPABLE_BY_FIRMWARE
light_d15/ssr_and_contactor_stuck,ADAPTIVE_V1,ssr_contactor_stuck,rep2uncmd,108.56,5369.30,5357.00,-1.00,-1.00,-1.00,-1.00,1,0,ACTUATOR_UNSTOPPABLE_BY_FIRMWARE
light_d15/ssr_and_contactor_stuck,ADAPTIVE_V1,ssr_contactor_stuck,rep1uncmd,108.56,5369.30,5357.00,-1.00,-1.00,-1.00,-1.00,1,0,ACTUATOR_UNSTOPPABLE_BY_FIRMWARE
light_d15/ssr_and_contactor_stuck,ADAPTIVE_V1,ssr_contactor_stuck,frozen1200,108.56,5369.30,5357.00,-1.00,-1.00,-1.00,-1.00,1,0,ACTUATOR_UNSTOPPABLE_BY_FIRMWARE
light_d15/ssr_and_contactor_stuck,ADAPTIVE_V1,ssr_contactor_stuck,energy600,108.56,5369.30,5357.00,-1.00,-1.00,-1.00,-1.00,1,0,ACTUATOR_UNSTOPPABLE_BY_FIRMWARE
light_d15/ssr_and_contactor_stuck,ADAPTIVE_V1,ssr_contactor_stuck,energy1200,108.56,5369.30,5357.00,-1.00,-1.00,-1.00,-1.00,1,0,ACTUATOR_UNSTOPPABLE_BY_FIRMWARE
light_d15/ssr_and_contactor_stuck,ADAPTIVE_V1,ssr_contactor_stuck,unexpl300+rep2uncmd+energy600,108.56,5369.30,5357.00,5784.00,384.00,-1.00,-1.00,1,0,ACTUATOR_UNSTOPPABLE_BY_FIRMWARE
medium_d15/nofault_lag60,ADAPTIVE_V1,none,none,37.51,0.00,0.00,-1.00,-1.00,-1.00,-1.00,0,0,OK
medium_d15/nofault_lag60,ADAPTIVE_V1,none,unexpl300,37.51,0.00,0.00,-1.00,-1.00,-1.00,-1.00,0,0,OK
medium_d15/nofault_lag60,ADAPTIVE_V1,none,unexpl600,37.51,0.00,0.00,-1.00,-1.00,-1.00,-1.00,0,0,OK
medium_d15/nofault_lag60,ADAPTIVE_V1,none,rep2,37.51,0.00,0.00,-1.00,-1.00,-1.00,-1.00,0,0,OK
medium_d15/nofault_lag60,ADAPTIVE_V1,none,rep3,37.51,0.00,0.00,-1.00,-1.00,-1.00,-1.00,0,0,OK
medium_d15/nofault_lag60,ADAPTIVE_V1,none,rep2uncmd,37.51,0.00,0.00,-1.00,-1.00,-1.00,-1.00,0,0,OK
medium_d15/nofault_lag60,ADAPTIVE_V1,none,rep1uncmd,37.51,0.00,0.00,-1.00,-1.00,-1.00,-1.00,0,0,OK
medium_d15/nofault_lag60,ADAPTIVE_V1,none,frozen1200,37.51,0.00,0.00,-1.00,-1.00,-1.00,-1.00,0,0,OK
medium_d15/nofault_lag60,ADAPTIVE_V1,none,energy600,37.51,0.00,0.00,-1.00,-1.00,-1.00,-1.00,0,0,OK
medium_d15/nofault_lag60,ADAPTIVE_V1,none,energy1200,37.51,0.00,0.00,-1.00,-1.00,-1.00,-1.00,0,0,OK
medium_d15/nofault_lag60,ADAPTIVE_V1,none,unexpl300+rep2uncmd+energy600,37.51,0.00,0.00,-1.00,-1.00,-1.00,-1.00,0,0,OK
medium_d15/stuck_low_36.5,ADAPTIVE_V1,stuck_low,none,48.54,2606.50,2368.90,-1.00,-1.00,-1.00,6620.00,0,0,TRUE_VIOLATION_STOPPED_LATE_BY_E115_E104
medium_d15/stuck_low_36.5,ADAPTIVE_V1,stuck_low,unexpl300,48.54,2606.50,2368.90,-1.00,-1.00,-1.00,6620.00,0,0,TRUE_VIOLATION_STOPPED_LATE_BY_E115_E104
medium_d15/stuck_low_36.5,ADAPTIVE_V1,stuck_low,unexpl600,48.54,2606.50,2368.90,-1.00,-1.00,-1.00,6620.00,0,0,TRUE_VIOLATION_STOPPED_LATE_BY_E115_E104
medium_d15/stuck_low_36.5,ADAPTIVE_V1,stuck_low,rep2,48.54,2606.50,2368.90,-1.00,-1.00,-1.00,6620.00,0,0,TRUE_VIOLATION_STOPPED_LATE_BY_E115_E104
medium_d15/stuck_low_36.5,ADAPTIVE_V1,stuck_low,rep3,48.54,2606.50,2368.90,-1.00,-1.00,-1.00,6620.00,0,0,TRUE_VIOLATION_STOPPED_LATE_BY_E115_E104
medium_d15/stuck_low_36.5,ADAPTIVE_V1,stuck_low,rep2uncmd,48.54,2606.50,2368.90,-1.00,-1.00,-1.00,6620.00,0,0,TRUE_VIOLATION_STOPPED_LATE_BY_E115_E104
medium_d15/stuck_low_36.5,ADAPTIVE_V1,stuck_low,rep1uncmd,48.54,2606.50,2368.90,-1.00,-1.00,-1.00,6620.00,0,0,TRUE_VIOLATION_STOPPED_LATE_BY_E115_E104
medium_d15/stuck_low_36.5,ADAPTIVE_V1,stuck_low,frozen1200,48.54,2606.50,2368.90,6620.00,1220.00,-1.00,6620.00,0,0,TRUE_VIOLATION_STOPPED_LATE_BY_E115_E104
medium_d15/stuck_low_36.5,ADAPTIVE_V1,stuck_low,energy600,40.83,732.90,495.20,5793.00,393.00,-1.00,-1.00,0,0,UNDETECTED_TRUE_VIOLATION
medium_d15/stuck_low_36.5,ADAPTIVE_V1,stuck_low,energy1200,40.70,697.80,460.20,5780.00,380.00,-1.00,-1.00,0,0,UNDETECTED_TRUE_VIOLATION
medium_d15/stuck_low_36.5,ADAPTIVE_V1,stuck_low,unexpl300+rep2uncmd+energy600,40.83,732.90,495.20,5793.00,393.00,-1.00,-1.00,0,0,UNDETECTED_TRUE_VIOLATION
medium_d15/drift_low_0.5Cph,ADAPTIVE_V1,drift_low,none,38.23,91.20,0.00,-1.00,-1.00,-1.00,-1.00,0,0,UNDETECTED_TRUE_VIOLATION
medium_d15/drift_low_0.5Cph,ADAPTIVE_V1,drift_low,unexpl300,38.23,91.20,0.00,-1.00,-1.00,-1.00,-1.00,0,0,UNDETECTED_TRUE_VIOLATION
medium_d15/drift_low_0.5Cph,ADAPTIVE_V1,drift_low,unexpl600,38.23,91.20,0.00,-1.00,-1.00,-1.00,-1.00,0,0,UNDETECTED_TRUE_VIOLATION
medium_d15/drift_low_0.5Cph,ADAPTIVE_V1,drift_low,rep2,38.23,91.20,0.00,-1.00,-1.00,-1.00,-1.00,0,0,UNDETECTED_TRUE_VIOLATION
medium_d15/drift_low_0.5Cph,ADAPTIVE_V1,drift_low,rep3,38.23,91.20,0.00,-1.00,-1.00,-1.00,-1.00,0,0,UNDETECTED_TRUE_VIOLATION
medium_d15/drift_low_0.5Cph,ADAPTIVE_V1,drift_low,rep2uncmd,38.23,91.20,0.00,-1.00,-1.00,-1.00,-1.00,0,0,UNDETECTED_TRUE_VIOLATION
medium_d15/drift_low_0.5Cph,ADAPTIVE_V1,drift_low,rep1uncmd,38.23,91.20,0.00,-1.00,-1.00,-1.00,-1.00,0,0,UNDETECTED_TRUE_VIOLATION
medium_d15/drift_low_0.5Cph,ADAPTIVE_V1,drift_low,frozen1200,38.23,91.20,0.00,-1.00,-1.00,-1.00,-1.00,0,0,UNDETECTED_TRUE_VIOLATION
medium_d15/drift_low_0.5Cph,ADAPTIVE_V1,drift_low,energy600,38.23,91.20,0.00,-1.00,-1.00,-1.00,-1.00,0,0,UNDETECTED_TRUE_VIOLATION
medium_d15/drift_low_0.5Cph,ADAPTIVE_V1,drift_low,energy1200,38.23,91.20,0.00,-1.00,-1.00,-1.00,-1.00,0,0,UNDETECTED_TRUE_VIOLATION
medium_d15/drift_low_0.5Cph,ADAPTIVE_V1,drift_low,unexpl300+rep2uncmd+energy600,38.23,91.20,0.00,-1.00,-1.00,-1.00,-1.00,0,0,UNDETECTED_TRUE_VIOLATION
medium_d60/nofault_lag0,ADAPTIVE_V1,none,none,37.58,0.00,0.00,-1.00,-1.00,-1.00,-1.00,0,0,OK
medium_d60/nofault_lag0,ADAPTIVE_V1,none,unexpl300,37.58,0.00,0.00,-1.00,-1.00,-1.00,-1.00,0,0,OK
medium_d60/nofault_lag0,ADAPTIVE_V1,none,unexpl600,37.58,0.00,0.00,-1.00,-1.00,-1.00,-1.00,0,0,OK
medium_d60/nofault_lag0,ADAPTIVE_V1,none,rep2,37.58,0.00,0.00,-1.00,-1.00,-1.00,-1.00,0,0,OK
medium_d60/nofault_lag0,ADAPTIVE_V1,none,rep3,37.58,0.00,0.00,-1.00,-1.00,-1.00,-1.00,0,0,OK
medium_d60/nofault_lag0,ADAPTIVE_V1,none,rep2uncmd,37.58,0.00,0.00,-1.00,-1.00,-1.00,-1.00,0,0,OK
medium_d60/nofault_lag0,ADAPTIVE_V1,none,rep1uncmd,37.58,0.00,0.00,-1.00,-1.00,-1.00,-1.00,0,0,OK
medium_d60/nofault_lag0,ADAPTIVE_V1,none,frozen1200,37.58,0.00,0.00,-1.00,-1.00,-1.00,-1.00,0,0,OK
medium_d60/nofault_lag0,ADAPTIVE_V1,none,energy600,37.58,0.00,0.00,-1.00,-1.00,-1.00,-1.00,0,0,OK
medium_d60/nofault_lag0,ADAPTIVE_V1,none,energy1200,37.58,0.00,0.00,-1.00,-1.00,-1.00,-1.00,0,0,OK
medium_d60/nofault_lag0,ADAPTIVE_V1,none,unexpl300+rep2uncmd+energy600,37.58,0.00,0.00,-1.00,-1.00,-1.00,-1.00,0,0,OK
medium_d60/offset_neg0.5,ADAPTIVE_V1,none,none,38.07,0.00,0.00,-1.00,-1.00,-1.00,-1.00,0,0,OK
medium_d60/offset_neg0.5,ADAPTIVE_V1,none,unexpl300,38.07,0.00,0.00,-1.00,-1.00,-1.00,-1.00,0,0,OK
medium_d60/offset_neg0.5,ADAPTIVE_V1,none,unexpl600,38.07,0.00,0.00,-1.00,-1.00,-1.00,-1.00,0,0,OK
medium_d60/offset_neg0.5,ADAPTIVE_V1,none,rep2,38.07,0.00,0.00,-1.00,-1.00,-1.00,-1.00,0,0,OK
medium_d60/offset_neg0.5,ADAPTIVE_V1,none,rep3,38.07,0.00,0.00,-1.00,-1.00,-1.00,-1.00,0,0,OK
medium_d60/offset_neg0.5,ADAPTIVE_V1,none,rep2uncmd,38.07,0.00,0.00,-1.00,-1.00,-1.00,-1.00,0,0,OK
medium_d60/offset_neg0.5,ADAPTIVE_V1,none,rep1uncmd,38.07,0.00,0.00,-1.00,-1.00,-1.00,-1.00,0,0,OK
medium_d60/offset_neg0.5,ADAPTIVE_V1,none,frozen1200,38.07,0.00,0.00,-1.00,-1.00,-1.00,-1.00,0,0,OK
medium_d60/offset_neg0.5,ADAPTIVE_V1,none,energy600,38.07,0.00,0.00,-1.00,-1.00,-1.00,-1.00,0,0,OK
medium_d60/offset_neg0.5,ADAPTIVE_V1,none,energy1200,38.07,0.00,0.00,-1.00,-1.00,-1.00,-1.00,0,0,OK
medium_d60/offset_neg0.5,ADAPTIVE_V1,none,unexpl300+rep2uncmd+energy600,38.07,0.00,0.00,-1.00,-1.00,-1.00,-1.00,0,0,OK
medium_d60/stuck_high_40.0,ADAPTIVE_V1,stuck_high,none,35.64,0.00,0.00,-1.00,-1.00,-1.00,-1.00,1,0,SAFE_UNDER_FAULT
medium_d60/stuck_high_40.0,ADAPTIVE_V1,stuck_high,unexpl300,35.64,0.00,0.00,-1.00,-1.00,-1.00,-1.00,1,0,SAFE_UNDER_FAULT
medium_d60/stuck_high_40.0,ADAPTIVE_V1,stuck_high,unexpl600,35.64,0.00,0.00,-1.00,-1.00,-1.00,-1.00,1,0,SAFE_UNDER_FAULT
medium_d60/stuck_high_40.0,ADAPTIVE_V1,stuck_high,rep2,35.64,0.00,0.00,-1.00,-1.00,-1.00,-1.00,1,0,SAFE_UNDER_FAULT
medium_d60/stuck_high_40.0,ADAPTIVE_V1,stuck_high,rep3,35.64,0.00,0.00,-1.00,-1.00,-1.00,-1.00,1,0,SAFE_UNDER_FAULT
medium_d60/stuck_high_40.0,ADAPTIVE_V1,stuck_high,rep2uncmd,35.64,0.00,0.00,-1.00,-1.00,-1.00,-1.00,1,0,SAFE_UNDER_FAULT
medium_d60/stuck_high_40.0,ADAPTIVE_V1,stuck_high,rep1uncmd,35.64,0.00,0.00,-1.00,-1.00,-1.00,-1.00,1,0,SAFE_UNDER_FAULT
medium_d60/stuck_high_40.0,ADAPTIVE_V1,stuck_high,frozen1200,35.64,0.00,0.00,-1.00,-1.00,-1.00,-1.00,1,0,SAFE_UNDER_FAULT
medium_d60/stuck_high_40.0,ADAPTIVE_V1,stuck_high,energy600,35.64,0.00,0.00,-1.00,-1.00,-1.00,-1.00,1,0,SAFE_UNDER_FAULT
medium_d60/stuck_high_40.0,ADAPTIVE_V1,stuck_high,energy1200,35.64,0.00,0.00,-1.00,-1.00,-1.00,-1.00,1,0,SAFE_UNDER_FAULT
medium_d60/stuck_high_40.0,ADAPTIVE_V1,stuck_high,unexpl300+rep2uncmd+energy600,35.64,0.00,0.00,-1.00,-1.00,-1.00,-1.00,1,0,SAFE_UNDER_FAULT
medium_d60/drift_low_2Cph,ADAPTIVE_V1,drift_low,none,40.50,1951.10,1809.90,-1.00,-1.00,-1.00,-1.00,0,0,UNDETECTED_TRUE_VIOLATION
medium_d60/drift_low_2Cph,ADAPTIVE_V1,drift_low,unexpl300,40.50,1951.10,1809.90,-1.00,-1.00,-1.00,-1.00,0,0,UNDETECTED_TRUE_VIOLATION
medium_d60/drift_low_2Cph,ADAPTIVE_V1,drift_low,unexpl600,40.50,1951.10,1809.90,-1.00,-1.00,-1.00,-1.00,0,0,UNDETECTED_TRUE_VIOLATION
medium_d60/drift_low_2Cph,ADAPTIVE_V1,drift_low,rep2,40.50,1951.10,1809.90,-1.00,-1.00,-1.00,-1.00,0,0,UNDETECTED_TRUE_VIOLATION
medium_d60/drift_low_2Cph,ADAPTIVE_V1,drift_low,rep3,40.50,1951.10,1809.90,-1.00,-1.00,-1.00,-1.00,0,0,UNDETECTED_TRUE_VIOLATION
medium_d60/drift_low_2Cph,ADAPTIVE_V1,drift_low,rep2uncmd,40.50,1951.10,1809.90,-1.00,-1.00,-1.00,-1.00,0,0,UNDETECTED_TRUE_VIOLATION
medium_d60/drift_low_2Cph,ADAPTIVE_V1,drift_low,rep1uncmd,40.50,1951.10,1809.90,-1.00,-1.00,-1.00,-1.00,0,0,UNDETECTED_TRUE_VIOLATION
medium_d60/drift_low_2Cph,ADAPTIVE_V1,drift_low,frozen1200,40.50,1951.10,1809.90,-1.00,-1.00,-1.00,-1.00,0,0,UNDETECTED_TRUE_VIOLATION
medium_d60/drift_low_2Cph,ADAPTIVE_V1,drift_low,energy600,40.50,1951.10,1809.90,-1.00,-1.00,-1.00,-1.00,0,0,UNDETECTED_TRUE_VIOLATION
medium_d60/drift_low_2Cph,ADAPTIVE_V1,drift_low,energy1200,40.50,1951.10,1809.90,-1.00,-1.00,-1.00,-1.00,0,0,UNDETECTED_TRUE_VIOLATION
medium_d60/drift_low_2Cph,ADAPTIVE_V1,drift_low,unexpl300+rep2uncmd+energy600,40.50,1951.10,1809.90,-1.00,-1.00,-1.00,-1.00,0,0,UNDETECTED_TRUE_VIOLATION
heavy_d30/nofault_lag10,ADAPTIVE_V1,none,none,37.59,0.00,0.00,-1.00,-1.00,-1.00,-1.00,0,0,OK
heavy_d30/nofault_lag10,ADAPTIVE_V1,none,unexpl300,37.59,0.00,0.00,-1.00,-1.00,-1.00,-1.00,0,0,OK
heavy_d30/nofault_lag10,ADAPTIVE_V1,none,unexpl600,37.59,0.00,0.00,-1.00,-1.00,-1.00,-1.00,0,0,OK
heavy_d30/nofault_lag10,ADAPTIVE_V1,none,rep2,37.59,0.00,0.00,-1.00,-1.00,-1.00,-1.00,0,0,OK
heavy_d30/nofault_lag10,ADAPTIVE_V1,none,rep3,37.59,0.00,0.00,-1.00,-1.00,-1.00,-1.00,0,0,OK
heavy_d30/nofault_lag10,ADAPTIVE_V1,none,rep2uncmd,37.59,0.00,0.00,-1.00,-1.00,-1.00,-1.00,0,0,OK
heavy_d30/nofault_lag10,ADAPTIVE_V1,none,rep1uncmd,37.59,0.00,0.00,-1.00,-1.00,-1.00,-1.00,0,0,OK
heavy_d30/nofault_lag10,ADAPTIVE_V1,none,frozen1200,37.59,0.00,0.00,-1.00,-1.00,-1.00,-1.00,0,0,OK
heavy_d30/nofault_lag10,ADAPTIVE_V1,none,energy600,37.59,0.00,0.00,-1.00,-1.00,-1.00,-1.00,0,0,OK
heavy_d30/nofault_lag10,ADAPTIVE_V1,none,energy1200,37.59,0.00,0.00,-1.00,-1.00,-1.00,-1.00,0,0,OK
heavy_d30/nofault_lag10,ADAPTIVE_V1,none,unexpl300+rep2uncmd+energy600,37.59,0.00,0.00,-1.00,-1.00,-1.00,-1.00,0,0,OK
heavy_d30/disconnect120s,ADAPTIVE_V1,disconnect,none,37.49,0.00,0.00,-1.00,-1.00,-1.00,-1.00,0,0,SAFE_UNDER_FAULT
heavy_d30/disconnect120s,ADAPTIVE_V1,disconnect,unexpl300,37.49,0.00,0.00,-1.00,-1.00,-1.00,-1.00,0,0,SAFE_UNDER_FAULT
heavy_d30/disconnect120s,ADAPTIVE_V1,disconnect,unexpl600,37.49,0.00,0.00,-1.00,-1.00,-1.00,-1.00,0,0,SAFE_UNDER_FAULT
heavy_d30/disconnect120s,ADAPTIVE_V1,disconnect,rep2,37.49,0.00,0.00,-1.00,-1.00,-1.00,-1.00,0,0,SAFE_UNDER_FAULT
heavy_d30/disconnect120s,ADAPTIVE_V1,disconnect,rep3,37.49,0.00,0.00,-1.00,-1.00,-1.00,-1.00,0,0,SAFE_UNDER_FAULT
heavy_d30/disconnect120s,ADAPTIVE_V1,disconnect,rep2uncmd,37.49,0.00,0.00,-1.00,-1.00,-1.00,-1.00,0,0,SAFE_UNDER_FAULT
heavy_d30/disconnect120s,ADAPTIVE_V1,disconnect,rep1uncmd,37.49,0.00,0.00,-1.00,-1.00,-1.00,-1.00,0,0,SAFE_UNDER_FAULT
heavy_d30/disconnect120s,ADAPTIVE_V1,disconnect,frozen1200,37.49,0.00,0.00,-1.00,-1.00,-1.00,-1.00,0,0,SAFE_UNDER_FAULT
heavy_d30/disconnect120s,ADAPTIVE_V1,disconnect,energy600,37.49,0.00,0.00,-1.00,-1.00,-1.00,-1.00,0,0,SAFE_UNDER_FAULT
heavy_d30/disconnect120s,ADAPTIVE_V1,disconnect,energy1200,37.49,0.00,0.00,-1.00,-1.00,-1.00,-1.00,0,0,SAFE_UNDER_FAULT
heavy_d30/disconnect120s,ADAPTIVE_V1,disconnect,unexpl300+rep2uncmd+energy600,37.49,0.00,0.00,-1.00,-1.00,-1.00,-1.00,0,0,SAFE_UNDER_FAULT
heavy_d30/frozen_value,ADAPTIVE_V1,frozen_value,none,39.19,3142.10,699.30,-1.00,-1.00,-1.00,-1.00,0,0,UNDETECTED_TRUE_VIOLATION
heavy_d30/frozen_value,ADAPTIVE_V1,frozen_value,unexpl300,39.19,3142.10,699.30,-1.00,-1.00,-1.00,-1.00,0,0,UNDETECTED_TRUE_VIOLATION
heavy_d30/frozen_value,ADAPTIVE_V1,frozen_value,unexpl600,39.19,3142.10,699.30,-1.00,-1.00,-1.00,-1.00,0,0,UNDETECTED_TRUE_VIOLATION
heavy_d30/frozen_value,ADAPTIVE_V1,frozen_value,rep2,39.19,3142.10,699.30,-1.00,-1.00,-1.00,-1.00,0,0,UNDETECTED_TRUE_VIOLATION
heavy_d30/frozen_value,ADAPTIVE_V1,frozen_value,rep3,39.19,3142.10,699.30,-1.00,-1.00,-1.00,-1.00,0,0,UNDETECTED_TRUE_VIOLATION
heavy_d30/frozen_value,ADAPTIVE_V1,frozen_value,rep2uncmd,39.19,3142.10,699.30,-1.00,-1.00,-1.00,-1.00,0,0,UNDETECTED_TRUE_VIOLATION
heavy_d30/frozen_value,ADAPTIVE_V1,frozen_value,rep1uncmd,39.19,3142.10,699.30,-1.00,-1.00,-1.00,-1.00,0,0,UNDETECTED_TRUE_VIOLATION
heavy_d30/frozen_value,ADAPTIVE_V1,frozen_value,frozen1200,39.19,3142.10,699.30,-1.00,-1.00,-1.00,-1.00,0,0,UNDETECTED_TRUE_VIOLATION
heavy_d30/frozen_value,ADAPTIVE_V1,frozen_value,energy600,39.19,3142.10,699.30,-1.00,-1.00,-1.00,-1.00,0,0,UNDETECTED_TRUE_VIOLATION
heavy_d30/frozen_value,ADAPTIVE_V1,frozen_value,energy1200,39.19,3142.10,699.30,-1.00,-1.00,-1.00,-1.00,0,0,UNDETECTED_TRUE_VIOLATION
heavy_d30/frozen_value,ADAPTIVE_V1,frozen_value,unexpl300+rep2uncmd+energy600,39.19,3142.10,699.30,-1.00,-1.00,-1.00,-1.00,0,0,UNDETECTED_TRUE_VIOLATION
heavy_d30/ssr_stuck_on,ADAPTIVE_V1,ssr_stuck_on,none,38.53,2550.70,0.00,-1.00,-1.00,-1.00,-1.00,12,0,TRUE_VIOLATION_DETECTED_LATE
heavy_d30/ssr_stuck_on,ADAPTIVE_V1,ssr_stuck_on,unexpl300,38.53,424.90,0.00,6058.00,658.00,-1.00,-1.00,2,0,TRUE_VIOLATION_DETECTED_LATE
heavy_d30/ssr_stuck_on,ADAPTIVE_V1,ssr_stuck_on,unexpl600,38.53,640.00,0.00,6522.00,1122.00,-1.00,-1.00,3,0,TRUE_VIOLATION_DETECTED_LATE
heavy_d30/ssr_stuck_on,ADAPTIVE_V1,ssr_stuck_on,rep2,38.53,424.90,0.00,5979.00,579.00,-1.00,-1.00,2,0,TRUE_VIOLATION_DETECTED_LATE
heavy_d30/ssr_stuck_on,ADAPTIVE_V1,ssr_stuck_on,rep3,38.53,640.00,0.00,6423.00,1023.00,-1.00,-1.00,3,0,TRUE_VIOLATION_DETECTED_LATE
heavy_d30/ssr_stuck_on,ADAPTIVE_V1,ssr_stuck_on,rep2uncmd,38.53,424.90,0.00,5979.00,579.00,-1.00,-1.00,2,0,TRUE_VIOLATION_DETECTED_LATE
heavy_d30/ssr_stuck_on,ADAPTIVE_V1,ssr_stuck_on,rep1uncmd,38.52,210.70,0.00,5537.00,137.00,-1.00,-1.00,1,0,TRUE_VIOLATION_DETECTED_LATE
heavy_d30/ssr_stuck_on,ADAPTIVE_V1,ssr_stuck_on,frozen1200,38.53,2550.70,0.00,-1.00,-1.00,-1.00,-1.00,12,0,TRUE_VIOLATION_DETECTED_LATE
heavy_d30/ssr_stuck_on,ADAPTIVE_V1,ssr_stuck_on,energy600,38.53,2550.70,0.00,-1.00,-1.00,-1.00,-1.00,12,0,TRUE_VIOLATION_DETECTED_LATE
heavy_d30/ssr_stuck_on,ADAPTIVE_V1,ssr_stuck_on,energy1200,38.53,2550.70,0.00,-1.00,-1.00,-1.00,-1.00,12,0,TRUE_VIOLATION_DETECTED_LATE
heavy_d30/ssr_stuck_on,ADAPTIVE_V1,ssr_stuck_on,unexpl300+rep2uncmd+energy600,38.53,424.90,0.00,5979.00,579.00,-1.00,-1.00,2,0,TRUE_VIOLATION_DETECTED_LATE
light_d15/nofault_lag60,ADAPTIVE_V1,none,unexpl300,37.04,0.00,0.00,-1.00,-1.00,5676.20,-1.00,0,0,FALSE_TRIP_NO_FAULT
light_d15/nofault_lag60,ADAPTIVE_V1,none,unexpl600,37.04,0.00,0.00,-1.00,-1.00,5676.20,-1.00,0,0,FALSE_TRIP_NO_FAULT
light_d15/nofault_lag60,ADAPTIVE_V1,none,rep2,37.04,0.00,0.00,-1.00,-1.00,5676.20,-1.00,0,0,FALSE_TRIP_NO_FAULT
light_d15/nofault_lag60,ADAPTIVE_V1,none,rep3,37.04,0.00,0.00,-1.00,-1.00,5676.20,-1.00,0,0,FALSE_TRIP_NO_FAULT
light_d15/nofault_lag60,ADAPTIVE_V1,none,rep2uncmd,37.04,0.00,0.00,-1.00,-1.00,5676.20,-1.00,0,0,FALSE_TRIP_NO_FAULT
light_d15/nofault_lag60,ADAPTIVE_V1,none,rep1uncmd,37.04,0.00,0.00,-1.00,-1.00,5676.20,-1.00,0,0,FALSE_TRIP_NO_FAULT
light_d15/nofault_lag60,ADAPTIVE_V1,none,frozen1200,37.04,0.00,0.00,-1.00,-1.00,5676.20,-1.00,0,0,FALSE_TRIP_NO_FAULT
light_d15/nofault_lag60,ADAPTIVE_V1,none,energy600,37.04,0.00,0.00,1432.00,-3968.00,-1.00,-1.00,0,0,OK
light_d15/nofault_lag60,ADAPTIVE_V1,none,energy1200,37.04,0.00,0.00,1958.00,-3442.00,-1.00,-1.00,0,0,OK
light_d15/nofault_lag60,ADAPTIVE_V1,none,unexpl300+rep2uncmd+energy600,37.04,0.00,0.00,1432.00,-3968.00,-1.00,-1.00,0,0,OK
light_d15/stuck_low_36.5,ADAPTIVE_V1,stuck_low,none,47.78,1632.70,1529.60,-1.00,-1.00,-1.00,6657.00,0,0,TRUE_VIOLATION_STOPPED_LATE_BY_E115_E104
light_d15/stuck_low_36.5,ADAPTIVE_V1,stuck_low,unexpl300,47.78,1632.70,1529.60,-1.00,-1.00,-1.00,6657.00,0,0,TRUE_VIOLATION_STOPPED_LATE_BY_E115_E104
light_d15/stuck_low_36.5,ADAPTIVE_V1,stuck_low,unexpl600,47.78,1632.70,1529.60,-1.00,-1.00,-1.00,6657.00,0,0,TRUE_VIOLATION_STOPPED_LATE_BY_E115_E104
light_d15/stuck_low_36.5,ADAPTIVE_V1,stuck_low,rep2,47.78,1632.70,1529.60,-1.00,-1.00,-1.00,6657.00,0,0,TRUE_VIOLATION_STOPPED_LATE_BY_E115_E104
light_d15/stuck_low_36.5,ADAPTIVE_V1,stuck_low,rep3,47.78,1632.70,1529.60,-1.00,-1.00,-1.00,6657.00,0,0,TRUE_VIOLATION_STOPPED_LATE_BY_E115_E104
light_d15/stuck_low_36.5,ADAPTIVE_V1,stuck_low,rep2uncmd,47.78,1632.70,1529.60,-1.00,-1.00,-1.00,6657.00,0,0,TRUE_VIOLATION_STOPPED_LATE_BY_E115_E104
light_d15/stuck_low_36.5,ADAPTIVE_V1,stuck_low,rep1uncmd,47.78,1632.70,1529.60,-1.00,-1.00,-1.00,6657.00,0,0,TRUE_VIOLATION_STOPPED_LATE_BY_E115_E104
light_d15/stuck_low_36.5,ADAPTIVE_V1,stuck_low,frozen1200,47.62,1589.40,1486.30,6620.00,1220.00,-1.00,-1.00,0,0,UNDETECTED_TRUE_VIOLATION
light_d15/stuck_low_36.5,ADAPTIVE_V1,stuck_low,energy600,40.66,334.80,231.60,5653.00,253.00,-1.00,-1.00,0,0,UNDETECTED_TRUE_VIOLATION
light_d15/stuck_low_36.5,ADAPTIVE_V1,stuck_low,energy1200,40.01,245.90,142.80,5596.00,196.00,-1.00,-1.00,0,0,UNDETECTED_TRUE_VIOLATION
light_d15/stuck_low_36.5,ADAPTIVE_V1,stuck_low,unexpl300+rep2uncmd+energy600,40.66,334.80,231.60,5653.00,253.00,-1.00,-1.00,0,0,UNDETECTED_TRUE_VIOLATION
light_d15/drift_low_0.5Cph,ADAPTIVE_V1,drift_low,none,38.32,493.30,0.00,-1.00,-1.00,-1.00,-1.00,0,0,UNDETECTED_TRUE_VIOLATION
light_d15/drift_low_0.5Cph,ADAPTIVE_V1,drift_low,unexpl300,38.32,493.30,0.00,-1.00,-1.00,-1.00,-1.00,0,0,UNDETECTED_TRUE_VIOLATION
light_d15/drift_low_0.5Cph,ADAPTIVE_V1,drift_low,unexpl600,38.32,493.30,0.00,-1.00,-1.00,-1.00,-1.00,0,0,UNDETECTED_TRUE_VIOLATION
light_d15/drift_low_0.5Cph,ADAPTIVE_V1,drift_low,rep2,38.32,493.30,0.00,-1.00,-1.00,-1.00,-1.00,0,0,UNDETECTED_TRUE_VIOLATION
light_d15/drift_low_0.5Cph,ADAPTIVE_V1,drift_low,rep3,38.32,493.30,0.00,-1.00,-1.00,-1.00,-1.00,0,0,UNDETECTED_TRUE_VIOLATION
light_d15/drift_low_0.5Cph,ADAPTIVE_V1,drift_low,rep2uncmd,38.32,493.30,0.00,-1.00,-1.00,-1.00,-1.00,0,0,UNDETECTED_TRUE_VIOLATION
light_d15/drift_low_0.5Cph,ADAPTIVE_V1,drift_low,rep1uncmd,38.32,493.30,0.00,-1.00,-1.00,-1.00,-1.00,0,0,UNDETECTED_TRUE_VIOLATION
light_d15/drift_low_0.5Cph,ADAPTIVE_V1,drift_low,frozen1200,38.32,493.30,0.00,-1.00,-1.00,-1.00,-1.00,0,0,UNDETECTED_TRUE_VIOLATION
light_d15/drift_low_0.5Cph,ADAPTIVE_V1,drift_low,energy600,37.70,0.00,0.00,7004.00,1604.00,-1.00,-1.00,0,0,SAFE_UNDER_FAULT
light_d15/drift_low_0.5Cph,ADAPTIVE_V1,drift_low,energy1200,37.70,0.00,0.00,6956.00,1556.00,-1.00,-1.00,0,0,SAFE_UNDER_FAULT
light_d15/drift_low_0.5Cph,ADAPTIVE_V1,drift_low,unexpl300+rep2uncmd+energy600,37.70,0.00,0.00,7004.00,1604.00,-1.00,-1.00,0,0,SAFE_UNDER_FAULT
medium_d15/nofault_lag0,ADAPTIVE_V1,none,none,37.57,0.00,0.00,-1.00,-1.00,-1.00,-1.00,0,0,OK
medium_d15/nofault_lag0,ADAPTIVE_V1,none,unexpl300,37.57,0.00,0.00,-1.00,-1.00,-1.00,-1.00,0,0,OK
medium_d15/nofault_lag0,ADAPTIVE_V1,none,unexpl600,37.57,0.00,0.00,-1.00,-1.00,-1.00,-1.00,0,0,OK
medium_d15/nofault_lag0,ADAPTIVE_V1,none,rep2,37.57,0.00,0.00,-1.00,-1.00,-1.00,-1.00,0,0,OK
medium_d15/nofault_lag0,ADAPTIVE_V1,none,rep3,37.57,0.00,0.00,-1.00,-1.00,-1.00,-1.00,0,0,OK
medium_d15/nofault_lag0,ADAPTIVE_V1,none,rep2uncmd,37.57,0.00,0.00,-1.00,-1.00,-1.00,-1.00,0,0,OK
medium_d15/nofault_lag0,ADAPTIVE_V1,none,rep1uncmd,37.57,0.00,0.00,-1.00,-1.00,-1.00,-1.00,0,0,OK
medium_d15/nofault_lag0,ADAPTIVE_V1,none,frozen1200,37.57,0.00,0.00,-1.00,-1.00,-1.00,-1.00,0,0,OK
medium_d15/nofault_lag0,ADAPTIVE_V1,none,energy600,37.57,0.00,0.00,-1.00,-1.00,-1.00,-1.00,0,0,OK
medium_d15/nofault_lag0,ADAPTIVE_V1,none,energy1200,37.57,0.00,0.00,-1.00,-1.00,-1.00,-1.00,0,0,OK
medium_d15/nofault_lag0,ADAPTIVE_V1,none,unexpl300+rep2uncmd+energy600,37.57,0.00,0.00,-1.00,-1.00,-1.00,-1.00,0,0,OK
medium_d15/offset_neg0.5,ADAPTIVE_V1,none,none,37.95,0.00,0.00,-1.00,-1.00,-1.00,-1.00,0,0,OK
medium_d15/offset_neg0.5,ADAPTIVE_V1,none,unexpl300,37.95,0.00,0.00,-1.00,-1.00,-1.00,-1.00,0,0,OK
medium_d15/offset_neg0.5,ADAPTIVE_V1,none,unexpl600,37.95,0.00,0.00,-1.00,-1.00,-1.00,-1.00,0,0,OK
medium_d15/offset_neg0.5,ADAPTIVE_V1,none,rep2,37.95,0.00,0.00,-1.00,-1.00,-1.00,-1.00,0,0,OK
medium_d15/offset_neg0.5,ADAPTIVE_V1,none,rep3,37.95,0.00,0.00,-1.00,-1.00,-1.00,-1.00,0,0,OK
medium_d15/offset_neg0.5,ADAPTIVE_V1,none,rep2uncmd,37.95,0.00,0.00,-1.00,-1.00,-1.00,-1.00,0,0,OK
medium_d15/offset_neg0.5,ADAPTIVE_V1,none,rep1uncmd,37.95,0.00,0.00,-1.00,-1.00,-1.00,-1.00,0,0,OK
medium_d15/offset_neg0.5,ADAPTIVE_V1,none,frozen1200,37.94,0.00,0.00,4337.00,-1063.00,-1.00,-1.00,0,0,OK
medium_d15/offset_neg0.5,ADAPTIVE_V1,none,energy600,37.95,0.00,0.00,-1.00,-1.00,-1.00,-1.00,0,0,OK
medium_d15/offset_neg0.5,ADAPTIVE_V1,none,energy1200,37.95,0.00,0.00,-1.00,-1.00,-1.00,-1.00,0,0,OK
medium_d15/offset_neg0.5,ADAPTIVE_V1,none,unexpl300+rep2uncmd+energy600,37.95,0.00,0.00,-1.00,-1.00,-1.00,-1.00,0,0,OK
medium_d15/stuck_high_40.0,ADAPTIVE_V1,stuck_high,none,37.49,0.00,0.00,-1.00,-1.00,-1.00,-1.00,1,0,SAFE_UNDER_FAULT
medium_d15/stuck_high_40.0,ADAPTIVE_V1,stuck_high,unexpl300,37.49,0.00,0.00,-1.00,-1.00,-1.00,-1.00,1,0,SAFE_UNDER_FAULT
medium_d15/stuck_high_40.0,ADAPTIVE_V1,stuck_high,unexpl600,37.49,0.00,0.00,-1.00,-1.00,-1.00,-1.00,1,0,SAFE_UNDER_FAULT
medium_d15/stuck_high_40.0,ADAPTIVE_V1,stuck_high,rep2,37.49,0.00,0.00,-1.00,-1.00,-1.00,-1.00,1,0,SAFE_UNDER_FAULT
medium_d15/stuck_high_40.0,ADAPTIVE_V1,stuck_high,rep3,37.49,0.00,0.00,-1.00,-1.00,-1.00,-1.00,1,0,SAFE_UNDER_FAULT
medium_d15/stuck_high_40.0,ADAPTIVE_V1,stuck_high,rep2uncmd,37.49,0.00,0.00,-1.00,-1.00,-1.00,-1.00,1,0,SAFE_UNDER_FAULT
medium_d15/stuck_high_40.0,ADAPTIVE_V1,stuck_high,rep1uncmd,37.49,0.00,0.00,-1.00,-1.00,-1.00,-1.00,1,0,SAFE_UNDER_FAULT
medium_d15/stuck_high_40.0,ADAPTIVE_V1,stuck_high,frozen1200,37.49,0.00,0.00,-1.00,-1.00,-1.00,-1.00,1,0,SAFE_UNDER_FAULT
medium_d15/stuck_high_40.0,ADAPTIVE_V1,stuck_high,energy600,37.49,0.00,0.00,-1.00,-1.00,-1.00,-1.00,1,0,SAFE_UNDER_FAULT
medium_d15/stuck_high_40.0,ADAPTIVE_V1,stuck_high,energy1200,37.49,0.00,0.00,-1.00,-1.00,-1.00,-1.00,1,0,SAFE_UNDER_FAULT
medium_d15/stuck_high_40.0,ADAPTIVE_V1,stuck_high,unexpl300+rep2uncmd+energy600,37.49,0.00,0.00,-1.00,-1.00,-1.00,-1.00,1,0,SAFE_UNDER_FAULT
medium_d15/drift_low_2Cph,ADAPTIVE_V1,drift_low,none,40.54,4118.20,2718.70,-1.00,-1.00,-1.00,-1.00,0,0,UNDETECTED_TRUE_VIOLATION
medium_d15/drift_low_2Cph,ADAPTIVE_V1,drift_low,unexpl300,40.54,4118.20,2718.70,-1.00,-1.00,-1.00,-1.00,0,0,UNDETECTED_TRUE_VIOLATION
medium_d15/drift_low_2Cph,ADAPTIVE_V1,drift_low,unexpl600,40.54,4118.20,2718.70,-1.00,-1.00,-1.00,-1.00,0,0,UNDETECTED_TRUE_VIOLATION
medium_d15/drift_low_2Cph,ADAPTIVE_V1,drift_low,rep2,40.54,4118.20,2718.70,-1.00,-1.00,-1.00,-1.00,0,0,UNDETECTED_TRUE_VIOLATION
medium_d15/drift_low_2Cph,ADAPTIVE_V1,drift_low,rep3,40.54,4118.20,2718.70,-1.00,-1.00,-1.00,-1.00,0,0,UNDETECTED_TRUE_VIOLATION
medium_d15/drift_low_2Cph,ADAPTIVE_V1,drift_low,rep2uncmd,40.54,4118.20,2718.70,-1.00,-1.00,-1.00,-1.00,0,0,UNDETECTED_TRUE_VIOLATION
medium_d15/drift_low_2Cph,ADAPTIVE_V1,drift_low,rep1uncmd,40.54,4118.20,2718.70,-1.00,-1.00,-1.00,-1.00,0,0,UNDETECTED_TRUE_VIOLATION
medium_d15/drift_low_2Cph,ADAPTIVE_V1,drift_low,frozen1200,40.54,4118.20,2718.70,-1.00,-1.00,-1.00,-1.00,0,0,UNDETECTED_TRUE_VIOLATION
medium_d15/drift_low_2Cph,ADAPTIVE_V1,drift_low,energy600,40.54,4118.20,2718.70,-1.00,-1.00,-1.00,-1.00,0,0,UNDETECTED_TRUE_VIOLATION
medium_d15/drift_low_2Cph,ADAPTIVE_V1,drift_low,energy1200,40.54,4118.20,2718.70,-1.00,-1.00,-1.00,-1.00,0,0,UNDETECTED_TRUE_VIOLATION
medium_d15/drift_low_2Cph,ADAPTIVE_V1,drift_low,unexpl300+rep2uncmd+energy600,40.54,4118.20,2718.70,-1.00,-1.00,-1.00,-1.00,0,0,UNDETECTED_TRUE_VIOLATION
medium_d60/nofault_lag10,ADAPTIVE_V1,none,none,37.56,0.00,0.00,-1.00,-1.00,-1.00,-1.00,0,0,OK
medium_d60/nofault_lag10,ADAPTIVE_V1,none,unexpl300,37.56,0.00,0.00,-1.00,-1.00,-1.00,-1.00,0,0,OK
medium_d60/nofault_lag10,ADAPTIVE_V1,none,unexpl600,37.56,0.00,0.00,-1.00,-1.00,-1.00,-1.00,0,0,OK
medium_d60/nofault_lag10,ADAPTIVE_V1,none,rep2,37.56,0.00,0.00,-1.00,-1.00,-1.00,-1.00,0,0,OK
medium_d60/nofault_lag10,ADAPTIVE_V1,none,rep3,37.56,0.00,0.00,-1.00,-1.00,-1.00,-1.00,0,0,OK
medium_d60/nofault_lag10,ADAPTIVE_V1,none,rep2uncmd,37.56,0.00,0.00,-1.00,-1.00,-1.00,-1.00,0,0,OK
medium_d60/nofault_lag10,ADAPTIVE_V1,none,rep1uncmd,37.56,0.00,0.00,-1.00,-1.00,-1.00,-1.00,0,0,OK
medium_d60/nofault_lag10,ADAPTIVE_V1,none,frozen1200,37.56,0.00,0.00,-1.00,-1.00,-1.00,-1.00,0,0,OK
medium_d60/nofault_lag10,ADAPTIVE_V1,none,energy600,37.56,0.00,0.00,-1.00,-1.00,-1.00,-1.00,0,0,OK
medium_d60/nofault_lag10,ADAPTIVE_V1,none,energy1200,37.56,0.00,0.00,-1.00,-1.00,-1.00,-1.00,0,0,OK
medium_d60/nofault_lag10,ADAPTIVE_V1,none,unexpl300+rep2uncmd+energy600,37.56,0.00,0.00,-1.00,-1.00,-1.00,-1.00,0,0,OK
medium_d60/disconnect120s,ADAPTIVE_V1,disconnect,none,37.54,0.00,0.00,-1.00,-1.00,-1.00,-1.00,0,0,SAFE_UNDER_FAULT
medium_d60/disconnect120s,ADAPTIVE_V1,disconnect,unexpl300,37.54,0.00,0.00,-1.00,-1.00,-1.00,-1.00,0,0,SAFE_UNDER_FAULT
medium_d60/disconnect120s,ADAPTIVE_V1,disconnect,unexpl600,37.54,0.00,0.00,-1.00,-1.00,-1.00,-1.00,0,0,SAFE_UNDER_FAULT
medium_d60/disconnect120s,ADAPTIVE_V1,disconnect,rep2,37.54,0.00,0.00,-1.00,-1.00,-1.00,-1.00,0,0,SAFE_UNDER_FAULT
medium_d60/disconnect120s,ADAPTIVE_V1,disconnect,rep3,37.54,0.00,0.00,-1.00,-1.00,-1.00,-1.00,0,0,SAFE_UNDER_FAULT
medium_d60/disconnect120s,ADAPTIVE_V1,disconnect,rep2uncmd,37.54,0.00,0.00,-1.00,-1.00,-1.00,-1.00,0,0,SAFE_UNDER_FAULT
medium_d60/disconnect120s,ADAPTIVE_V1,disconnect,rep1uncmd,37.54,0.00,0.00,-1.00,-1.00,-1.00,-1.00,0,0,SAFE_UNDER_FAULT
medium_d60/disconnect120s,ADAPTIVE_V1,disconnect,frozen1200,37.54,0.00,0.00,-1.00,-1.00,-1.00,-1.00,0,0,SAFE_UNDER_FAULT
medium_d60/disconnect120s,ADAPTIVE_V1,disconnect,energy600,37.54,0.00,0.00,-1.00,-1.00,-1.00,-1.00,0,0,SAFE_UNDER_FAULT
medium_d60/disconnect120s,ADAPTIVE_V1,disconnect,energy1200,37.54,0.00,0.00,-1.00,-1.00,-1.00,-1.00,0,0,SAFE_UNDER_FAULT
medium_d60/disconnect120s,ADAPTIVE_V1,disconnect,unexpl300+rep2uncmd+energy600,37.54,0.00,0.00,-1.00,-1.00,-1.00,-1.00,0,0,SAFE_UNDER_FAULT
medium_d60/frozen_value,ADAPTIVE_V1,frozen_value,none,47.45,2022.70,1828.50,-1.00,-1.00,-1.00,6598.00,0,0,TRUE_VIOLATION_STOPPED_LATE_BY_E115_E104
medium_d60/frozen_value,ADAPTIVE_V1,frozen_value,unexpl300,47.45,2022.70,1828.50,-1.00,-1.00,-1.00,6598.00,0,0,TRUE_VIOLATION_STOPPED_LATE_BY_E115_E104
medium_d60/frozen_value,ADAPTIVE_V1,frozen_value,unexpl600,47.45,2022.70,1828.50,-1.00,-1.00,-1.00,6598.00,0,0,TRUE_VIOLATION_STOPPED_LATE_BY_E115_E104
medium_d60/frozen_value,ADAPTIVE_V1,frozen_value,rep2,47.45,2022.70,1828.50,-1.00,-1.00,-1.00,6598.00,0,0,TRUE_VIOLATION_STOPPED_LATE_BY_E115_E104
medium_d60/frozen_value,ADAPTIVE_V1,frozen_value,rep3,47.45,2022.70,1828.50,-1.00,-1.00,-1.00,6598.00,0,0,TRUE_VIOLATION_STOPPED_LATE_BY_E115_E104
medium_d60/frozen_value,ADAPTIVE_V1,frozen_value,rep2uncmd,47.45,2022.70,1828.50,-1.00,-1.00,-1.00,6598.00,0,0,TRUE_VIOLATION_STOPPED_LATE_BY_E115_E104
medium_d60/frozen_value,ADAPTIVE_V1,frozen_value,rep1uncmd,47.45,2022.70,1828.50,-1.00,-1.00,-1.00,6598.00,0,0,TRUE_VIOLATION_STOPPED_LATE_BY_E115_E104
medium_d60/frozen_value,ADAPTIVE_V1,frozen_value,frozen1200,47.45,2022.70,1828.50,6598.00,1198.00,-1.00,6598.00,0,0,TRUE_VIOLATION_STOPPED_LATE_BY_E115_E104
medium_d60/frozen_value,ADAPTIVE_V1,frozen_value,energy600,40.09,464.40,270.30,6078.00,678.00,-1.00,-1.00,0,0,UNDETECTED_TRUE_VIOLATION
medium_d60/frozen_value,ADAPTIVE_V1,frozen_value,energy1200,41.12,698.90,504.70,6146.00,746.00,-1.00,-1.00,0,0,UNDETECTED_TRUE_VIOLATION
medium_d60/frozen_value,ADAPTIVE_V1,frozen_value,unexpl300+rep2uncmd+energy600,40.09,464.40,270.30,6078.00,678.00,-1.00,-1.00,0,0,UNDETECTED_TRUE_VIOLATION
medium_d60/ssr_stuck_on,ADAPTIVE_V1,ssr_stuck_on,none,39.77,3585.60,1771.90,-1.00,-1.00,-1.00,-1.00,10,0,TRUE_VIOLATION_DETECTED_LATE
medium_d60/ssr_stuck_on,ADAPTIVE_V1,ssr_stuck_on,unexpl300,39.77,722.80,360.10,6202.00,802.00,-1.00,-1.00,2,0,TRUE_VIOLATION_DETECTED_LATE
medium_d60/ssr_stuck_on,ADAPTIVE_V1,ssr_stuck_on,unexpl600,39.77,722.80,360.10,6212.00,812.00,-1.00,-1.00,2,0,TRUE_VIOLATION_DETECTED_LATE
medium_d60/ssr_stuck_on,ADAPTIVE_V1,ssr_stuck_on,rep2,39.77,722.80,360.10,6135.00,735.00,-1.00,-1.00,2,0,TRUE_VIOLATION_DETECTED_LATE
medium_d60/ssr_stuck_on,ADAPTIVE_V1,ssr_stuck_on,rep3,39.77,1080.50,536.40,6665.00,1265.00,-1.00,-1.00,3,0,TRUE_VIOLATION_DETECTED_LATE
medium_d60/ssr_stuck_on,ADAPTIVE_V1,ssr_stuck_on,rep2uncmd,39.77,722.80,360.10,6135.00,735.00,-1.00,-1.00,2,0,TRUE_VIOLATION_DETECTED_LATE
medium_d60/ssr_stuck_on,ADAPTIVE_V1,ssr_stuck_on,rep1uncmd,39.77,365.20,183.90,5599.00,199.00,-1.00,-1.00,1,0,TRUE_VIOLATION_DETECTED_LATE
medium_d60/ssr_stuck_on,ADAPTIVE_V1,ssr_stuck_on,frozen1200,39.77,3585.60,1771.90,-1.00,-1.00,-1.00,-1.00,10,0,TRUE_VIOLATION_DETECTED_LATE
medium_d60/ssr_stuck_on,ADAPTIVE_V1,ssr_stuck_on,energy600,39.77,3585.60,1771.90,-1.00,-1.00,-1.00,-1.00,10,0,TRUE_VIOLATION_DETECTED_LATE
medium_d60/ssr_stuck_on,ADAPTIVE_V1,ssr_stuck_on,energy1200,39.77,3585.60,1771.90,-1.00,-1.00,-1.00,-1.00,10,0,TRUE_VIOLATION_DETECTED_LATE
medium_d60/ssr_stuck_on,ADAPTIVE_V1,ssr_stuck_on,unexpl300+rep2uncmd+energy600,39.77,722.80,360.10,6135.00,735.00,-1.00,-1.00,2,0,TRUE_VIOLATION_DETECTED_LATE
heavy_d30/nofault_lag30,ADAPTIVE_V1,none,none,37.57,0.00,0.00,-1.00,-1.00,-1.00,-1.00,0,0,OK
heavy_d30/nofault_lag30,ADAPTIVE_V1,none,unexpl300,37.57,0.00,0.00,-1.00,-1.00,-1.00,-1.00,0,0,OK
heavy_d30/nofault_lag30,ADAPTIVE_V1,none,unexpl600,37.57,0.00,0.00,-1.00,-1.00,-1.00,-1.00,0,0,OK
heavy_d30/nofault_lag30,ADAPTIVE_V1,none,rep2,37.57,0.00,0.00,-1.00,-1.00,-1.00,-1.00,0,0,OK
heavy_d30/nofault_lag30,ADAPTIVE_V1,none,rep3,37.57,0.00,0.00,-1.00,-1.00,-1.00,-1.00,0,0,OK
heavy_d30/nofault_lag30,ADAPTIVE_V1,none,rep2uncmd,37.57,0.00,0.00,-1.00,-1.00,-1.00,-1.00,0,0,OK
heavy_d30/nofault_lag30,ADAPTIVE_V1,none,rep1uncmd,37.57,0.00,0.00,-1.00,-1.00,-1.00,-1.00,0,0,OK
heavy_d30/nofault_lag30,ADAPTIVE_V1,none,frozen1200,37.57,0.00,0.00,-1.00,-1.00,-1.00,-1.00,0,0,OK
heavy_d30/nofault_lag30,ADAPTIVE_V1,none,energy600,37.57,0.00,0.00,-1.00,-1.00,-1.00,-1.00,0,0,OK
heavy_d30/nofault_lag30,ADAPTIVE_V1,none,energy1200,37.57,0.00,0.00,-1.00,-1.00,-1.00,-1.00,0,0,OK
heavy_d30/nofault_lag30,ADAPTIVE_V1,none,unexpl300+rep2uncmd+energy600,37.57,0.00,0.00,-1.00,-1.00,-1.00,-1.00,0,0,OK
heavy_d30/stuck_low_30.0,ADAPTIVE_V1,stuck_low,none,40.85,2086.60,1602.90,-1.00,-1.00,-1.00,6642.00,0,0,TRUE_VIOLATION_STOPPED_LATE_BY_E115_E104
heavy_d30/stuck_low_30.0,ADAPTIVE_V1,stuck_low,unexpl300,40.85,2086.60,1602.90,-1.00,-1.00,-1.00,6642.00,0,0,TRUE_VIOLATION_STOPPED_LATE_BY_E115_E104
heavy_d30/stuck_low_30.0,ADAPTIVE_V1,stuck_low,unexpl600,40.85,2086.60,1602.90,-1.00,-1.00,-1.00,6642.00,0,0,TRUE_VIOLATION_STOPPED_LATE_BY_E115_E104
heavy_d30/stuck_low_30.0,ADAPTIVE_V1,stuck_low,rep2,40.85,2086.60,1602.90,-1.00,-1.00,-1.00,6642.00,0,0,TRUE_VIOLATION_STOPPED_LATE_BY_E115_E104
heavy_d30/stuck_low_30.0,ADAPTIVE_V1,stuck_low,rep3,40.85,2086.60,1602.90,-1.00,-1.00,-1.00,6642.00,0,0,TRUE_VIOLATION_STOPPED_LATE_BY_E115_E104
heavy_d30/stuck_low_30.0,ADAPTIVE_V1,stuck_low,rep2uncmd,40.85,2086.60,1602.90,-1.00,-1.00,-1.00,6642.00,0,0,TRUE_VIOLATION_STOPPED_LATE_BY_E115_E104
heavy_d30/stuck_low_30.0,ADAPTIVE_V1,stuck_low,rep1uncmd,40.85,2086.60,1602.90,-1.00,-1.00,-1.00,6642.00,0,0,TRUE_VIOLATION_STOPPED_LATE_BY_E115_E104
heavy_d30/stuck_low_30.0,ADAPTIVE_V1,stuck_low,frozen1200,40.85,2086.60,1602.90,-1.00,-1.00,-1.00,6642.00,0,0,TRUE_VIOLATION_STOPPED_LATE_BY_E115_E104
heavy_d30/stuck_low_30.0,ADAPTIVE_V1,stuck_low,energy600,40.85,2086.60,1602.90,-1.00,-1.00,-1.00,6642.00,0,0,TRUE_VIOLATION_STOPPED_LATE_BY_E115_E104
heavy_d30/stuck_low_30.0,ADAPTIVE_V1,stuck_low,energy1200,40.85,2086.60,1602.90,-1.00,-1.00,-1.00,6642.00,0,0,TRUE_VIOLATION_STOPPED_LATE_BY_E115_E104
heavy_d30/stuck_low_30.0,ADAPTIVE_V1,stuck_low,unexpl300+rep2uncmd+energy600,40.85,2086.60,1602.90,-1.00,-1.00,-1.00,6642.00,0,0,TRUE_VIOLATION_STOPPED_LATE_BY_E115_E104
heavy_d30/spike_plus3,ADAPTIVE_V1,spike,none,37.49,0.00,0.00,-1.00,-1.00,-1.00,-1.00,1,0,SAFE_UNDER_FAULT
heavy_d30/spike_plus3,ADAPTIVE_V1,spike,unexpl300,37.49,0.00,0.00,-1.00,-1.00,-1.00,-1.00,1,0,SAFE_UNDER_FAULT
heavy_d30/spike_plus3,ADAPTIVE_V1,spike,unexpl600,37.49,0.00,0.00,-1.00,-1.00,-1.00,-1.00,1,0,SAFE_UNDER_FAULT
heavy_d30/spike_plus3,ADAPTIVE_V1,spike,rep2,37.49,0.00,0.00,-1.00,-1.00,-1.00,-1.00,1,0,SAFE_UNDER_FAULT
heavy_d30/spike_plus3,ADAPTIVE_V1,spike,rep3,37.49,0.00,0.00,-1.00,-1.00,-1.00,-1.00,1,0,SAFE_UNDER_FAULT
heavy_d30/spike_plus3,ADAPTIVE_V1,spike,rep2uncmd,37.49,0.00,0.00,-1.00,-1.00,-1.00,-1.00,1,0,SAFE_UNDER_FAULT
heavy_d30/spike_plus3,ADAPTIVE_V1,spike,rep1uncmd,37.49,0.00,0.00,-1.00,-1.00,-1.00,-1.00,1,0,SAFE_UNDER_FAULT
heavy_d30/spike_plus3,ADAPTIVE_V1,spike,frozen1200,37.49,0.00,0.00,-1.00,-1.00,-1.00,-1.00,1,0,SAFE_UNDER_FAULT
heavy_d30/spike_plus3,ADAPTIVE_V1,spike,energy600,37.49,0.00,0.00,-1.00,-1.00,-1.00,-1.00,1,0,SAFE_UNDER_FAULT
heavy_d30/spike_plus3,ADAPTIVE_V1,spike,energy1200,37.49,0.00,0.00,-1.00,-1.00,-1.00,-1.00,1,0,SAFE_UNDER_FAULT
heavy_d30/spike_plus3,ADAPTIVE_V1,spike,unexpl300+rep2uncmd+energy600,37.49,0.00,0.00,-1.00,-1.00,-1.00,-1.00,1,0,SAFE_UNDER_FAULT
heavy_d30/ssr_and_contactor_stuck,ADAPTIVE_V1,ssr_contactor_stuck,none,69.81,5268.60,5167.40,-1.00,-1.00,-1.00,-1.00,1,0,ACTUATOR_UNSTOPPABLE_BY_FIRMWARE
heavy_d30/ssr_and_contactor_stuck,ADAPTIVE_V1,ssr_contactor_stuck,unexpl300,69.81,5268.60,5167.40,5833.00,433.00,-1.00,-1.00,1,0,ACTUATOR_UNSTOPPABLE_BY_FIRMWARE
heavy_d30/ssr_and_contactor_stuck,ADAPTIVE_V1,ssr_contactor_stuck,unexpl600,69.81,5268.60,5167.40,6133.00,733.00,-1.00,-1.00,1,0,ACTUATOR_UNSTOPPABLE_BY_FIRMWARE
heavy_d30/ssr_and_contactor_stuck,ADAPTIVE_V1,ssr_contactor_stuck,rep2,69.81,5268.60,5167.40,-1.00,-1.00,-1.00,-1.00,1,0,ACTUATOR_UNSTOPPABLE_BY_FIRMWARE
heavy_d30/ssr_and_contactor_stuck,ADAPTIVE_V1,ssr_contactor_stuck,rep3,69.81,5268.60,5167.40,-1.00,-1.00,-1.00,-1.00,1,0,ACTUATOR_UNSTOPPABLE_BY_FIRMWARE
heavy_d30/ssr_and_contactor_stuck,ADAPTIVE_V1,ssr_contactor_stuck,rep2uncmd,69.81,5268.60,5167.40,-1.00,-1.00,-1.00,-1.00,1,0,ACTUATOR_UNSTOPPABLE_BY_FIRMWARE
heavy_d30/ssr_and_contactor_stuck,ADAPTIVE_V1,ssr_contactor_stuck,rep1uncmd,69.81,5268.60,5167.40,5537.00,137.00,-1.00,-1.00,1,0,ACTUATOR_UNSTOPPABLE_BY_FIRMWARE
heavy_d30/ssr_and_contactor_stuck,ADAPTIVE_V1,ssr_contactor_stuck,frozen1200,69.81,5268.60,5167.40,-1.00,-1.00,-1.00,-1.00,1,0,ACTUATOR_UNSTOPPABLE_BY_FIRMWARE
heavy_d30/ssr_and_contactor_stuck,ADAPTIVE_V1,ssr_contactor_stuck,energy600,69.81,5268.60,5167.40,-1.00,-1.00,-1.00,-1.00,1,0,ACTUATOR_UNSTOPPABLE_BY_FIRMWARE
heavy_d30/ssr_and_contactor_stuck,ADAPTIVE_V1,ssr_contactor_stuck,energy1200,69.81,5268.60,5167.40,-1.00,-1.00,-1.00,-1.00,1,0,ACTUATOR_UNSTOPPABLE_BY_FIRMWARE
heavy_d30/ssr_and_contactor_stuck,ADAPTIVE_V1,ssr_contactor_stuck,unexpl300+rep2uncmd+energy600,69.81,5268.60,5167.40,5833.00,433.00,-1.00,-1.00,1,0,ACTUATOR_UNSTOPPABLE_BY_FIRMWARE
