plant,room_c,exhaust_w_per_k,truePeak,trueHighS,trueEmergencyS,fwHigh,verdict
light_d15,20.00,0.00,40.21,3593.50,2263.90,25,TRUE_VIOLATION_DETECTED_LATE
light_d15,20.00,120.00,40.11,2920.60,1834.30,29,TRUE_VIOLATION_DETECTED_LATE
light_d15,20.00,300.00,39.89,2119.10,1279.80,30,TRUE_VIOLATION_DETECTED_LATE
light_d15,30.00,0.00,40.55,4205.30,2693.50,15,TRUE_VIOLATION_DETECTED_LATE
light_d15,30.00,120.00,40.40,3927.40,2548.50,21,TRUE_VIOLATION_DETECTED_LATE
light_d15,30.00,300.00,40.27,3460.40,2223.90,28,TRUE_VIOLATION_DETECTED_LATE
light_d15,37.00,0.00,40.67,4529.30,2468.70,4,TRUE_VIOLATION_DETECTED_LATE
light_d15,37.00,120.00,40.61,4248.10,2332.20,7,TRUE_VIOLATION_DETECTED_LATE
light_d15,37.00,300.00,40.53,4160.80,2292.70,10,TRUE_VIOLATION_DETECTED_LATE
light_d15,40.00,0.00,40.00,10800.00,10800.00,1,TRUE_VIOLATION_DETECTED
light_d15,40.00,120.00,40.00,10800.00,10800.00,1,TRUE_VIOLATION_DETECTED
light_d15,40.00,300.00,40.00,10800.00,10800.00,1,TRUE_VIOLATION_DETECTED
light_d15,44.00,0.00,44.00,10800.00,10800.00,1,TRUE_VIOLATION_DETECTED
light_d15,44.00,120.00,44.00,10800.00,10800.00,1,TRUE_VIOLATION_DETECTED
light_d15,44.00,300.00,44.00,10800.00,10800.00,1,TRUE_VIOLATION_DETECTED
medium_d15,20.00,0.00,38.81,3048.40,0.00,20,TRUE_VIOLATION_DETECTED_LATE
medium_d15,20.00,120.00,38.76,2691.10,0.00,27,TRUE_VIOLATION_DETECTED_LATE
medium_d15,20.00,300.00,38.69,2125.80,0.00,31,TRUE_VIOLATION_DETECTED_LATE
medium_d15,30.00,0.00,38.95,3551.50,0.00,12,TRUE_VIOLATION_DETECTED_LATE
medium_d15,30.00,120.00,38.91,3353.90,0.00,17,TRUE_VIOLATION_DETECTED_LATE
medium_d15,30.00,300.00,38.85,3053.80,0.00,23,TRUE_VIOLATION_DETECTED_LATE
medium_d15,37.00,0.00,39.03,3681.40,80.60,3,TRUE_VIOLATION_DETECTED_LATE
medium_d15,37.00,120.00,39.02,3780.80,39.90,4,TRUE_VIOLATION_DETECTED_LATE
medium_d15,37.00,300.00,39.00,3610.00,8.70,6,TRUE_VIOLATION_DETECTED_LATE
medium_d15,40.00,0.00,40.00,10800.00,10800.00,1,TRUE_VIOLATION_DETECTED
medium_d15,40.00,120.00,40.00,10800.00,10800.00,1,TRUE_VIOLATION_DETECTED
medium_d15,40.00,300.00,40.00,10800.00,10800.00,1,TRUE_VIOLATION_DETECTED
medium_d15,44.00,0.00,44.00,10800.00,10800.00,1,TRUE_VIOLATION_DETECTED
medium_d15,44.00,120.00,44.00,10800.00,10800.00,1,TRUE_VIOLATION_DETECTED
medium_d15,44.00,300.00,44.00,10800.00,10800.00,1,TRUE_VIOLATION_DETECTED
medium_d60,20.00,0.00,39.77,3585.60,1771.90,10,TRUE_VIOLATION_DETECTED_LATE
medium_d60,20.00,120.00,39.53,3156.30,1363.20,14,TRUE_VIOLATION_DETECTED_LATE
medium_d60,20.00,300.00,39.21,2570.80,694.00,18,TRUE_VIOLATION_DETECTED_LATE
medium_d60,30.00,0.00,40.01,4237.30,2414.50,6,TRUE_VIOLATION_DETECTED_LATE
medium_d60,30.00,120.00,39.89,3913.20,2111.00,9,TRUE_VIOLATION_DETECTED_LATE
medium_d60,30.00,300.00,39.71,3555.00,1714.20,12,TRUE_VIOLATION_DETECTED_LATE
medium_d60,37.00,0.00,40.17,4423.80,2658.90,2,TRUE_VIOLATION_DETECTED_LATE
medium_d60,37.00,120.00,40.13,4168.10,2030.70,3,TRUE_VIOLATION_DETECTED_LATE
medium_d60,37.00,300.00,40.08,4123.90,2081.50,4,TRUE_VIOLATION_DETECTED_LATE
medium_d60,40.00,0.00,40.00,10800.00,10800.00,1,TRUE_VIOLATION_DETECTED
medium_d60,40.00,120.00,40.00,10800.00,10800.00,1,TRUE_VIOLATION_DETECTED
medium_d60,40.00,300.00,40.00,10800.00,10800.00,1,TRUE_VIOLATION_DETECTED
medium_d60,44.00,0.00,44.00,10800.00,10800.00,1,TRUE_VIOLATION_DETECTED
medium_d60,44.00,120.00,44.00,10800.00,10800.00,1,TRUE_VIOLATION_DETECTED
medium_d60,44.00,300.00,44.00,10800.00,10800.00,1,TRUE_VIOLATION_DETECTED
heavy_d30,20.00,0.00,38.53,2550.70,0.00,12,TRUE_VIOLATION_DETECTED_LATE
heavy_d30,20.00,120.00,38.47,2220.80,0.00,17,TRUE_VIOLATION_DETECTED_LATE
heavy_d30,20.00,300.00,38.42,1828.50,0.00,21,TRUE_VIOLATION_DETECTED_LATE
heavy_d30,30.00,0.00,38.59,3063.20,0.00,7,TRUE_VIOLATION_DETECTED_LATE
heavy_d30,30.00,120.00,38.56,2831.20,0.00,10,TRUE_VIOLATION_DETECTED_LATE
heavy_d30,30.00,300.00,38.53,2608.90,0.00,14,TRUE_VIOLATION_DETECTED_LATE
heavy_d30,37.00,0.00,38.63,3124.40,0.00,2,TRUE_VIOLATION_DETECTED_LATE
heavy_d30,37.00,120.00,38.63,3393.50,0.00,2,TRUE_VIOLATION_DETECTED_LATE
heavy_d30,37.00,300.00,38.62,3192.40,0.00,3,TRUE_VIOLATION_DETECTED_LATE
heavy_d30,40.00,0.00,40.00,10800.00,10800.00,1,TRUE_VIOLATION_DETECTED
heavy_d30,40.00,120.00,40.00,10800.00,10800.00,1,TRUE_VIOLATION_DETECTED
heavy_d30,40.00,300.00,40.00,10800.00,10800.00,1,TRUE_VIOLATION_DETECTED
heavy_d30,44.00,0.00,44.00,10800.00,10800.00,1,TRUE_VIOLATION_DETECTED
heavy_d30,44.00,120.00,44.00,10800.00,10800.00,1,TRUE_VIOLATION_DETECTED
heavy_d30,44.00,300.00,44.00,10800.00,10800.00,1,TRUE_VIOLATION_DETECTED
