label,reason,val_why,plant_class,eff,capacity,dead,lag,resolution,adaptive_pass,adaptive_high,adaptive_emerg,adaptive_mae,smart_pass,smart_high,smart_emerg,smart_mae
full4,VALIDATION_FAILED,mae,REACHABLE,0.50000,180000.00000,30.00000,8.00000,0.10000,FAIL,0,0,0.5889,PASS,0,0,0.0331
full8,POWER_LIMITED,-,SAFETY_LIMITED,0.50000,180000.00000,120.00000,30.00000,0.10000,FAIL,0,0,0.7655,FAIL,0,0,1.0472
full12,POWER_LIMITED,-,REACHABLE,0.50000,180000.00000,15.00000,3.00000,0.10000,PASS,0,0,0.0351,PASS,0,0,0.0406
full16,POWER_LIMITED,-,SAFETY_LIMITED,0.50000,180000.00000,60.00000,8.00000,0.10000,FAIL,0,0,0.6297,FAIL,0,0,0.6297
full20,POWER_LIMITED,-,REACHABLE,0.50000,180000.00000,0.00000,30.00000,0.10000,FAIL,0,0,0.5030,PASS,0,0,0.0333
full24,POWER_LIMITED,-,REACHABLE,0.50000,180000.00000,30.00000,3.00000,0.10000,FAIL,0,0,2.6414,FAIL,0,0,0.0483
full28,POWER_LIMITED,-,SAFETY_LIMITED,0.50000,180000.00000,120.00000,8.00000,0.10000,FAIL,0,0,1.5614,FAIL,0,0,1.5550
full36,VALIDATION_FAILED,mae,REACHABLE,0.50000,600000.00000,60.00000,3.00000,0.10000,PASS,0,0,0.0366,PASS,0,0,0.0402
full40,POWER_LIMITED,-,REACHABLE,0.50000,600000.00000,0.00000,8.00000,0.10000,FAIL,0,0,0.2692,PASS,0,0,0.0068
full44,POWER_LIMITED,-,REACHABLE,0.50000,600000.00000,30.00000,30.00000,0.10000,FAIL,0,0,0.4464,FAIL,0,0,0.2752
full48,POWER_LIMITED,-,REACHABLE,0.50000,600000.00000,120.00000,3.00000,0.10000,PASS,0,0,0.0387,PASS,0,0,0.0364
full52,POWER_LIMITED,-,REACHABLE,0.50000,600000.00000,15.00000,8.00000,0.10000,PASS,0,0,0.0571,PASS,0,0,0.0164
full56,POWER_LIMITED,-,REACHABLE,0.50000,600000.00000,60.00000,30.00000,0.10000,FAIL,0,0,0.7716,PASS,0,0,0.0521
full60,MODEL_INVALID,-,REACHABLE,0.50000,1600000.00000,0.00000,3.00000,0.10000,PASS,0,0,0.0420,PASS,0,0,0.0413
full68,RELAY_FAILED,-,REACHABLE,0.50000,1600000.00000,120.00000,30.00000,0.10000,FAIL,0,0,0.5625,FAIL,0,0,0.2833
full72,POWER_LIMITED,-,REACHABLE,0.50000,1600000.00000,15.00000,3.00000,0.10000,PASS,0,0,0.0282,PASS,0,0,0.0447
full76,POWER_LIMITED,-,REACHABLE,0.50000,1600000.00000,60.00000,8.00000,0.10000,PASS,0,0,0.0812,PASS,0,0,0.0741
full80,MODEL_INVALID,-,REACHABLE,0.50000,1600000.00000,0.00000,30.00000,0.10000,FAIL,0,0,0.5564,FAIL,0,0,0.4365
full84,MODEL_INVALID,-,REACHABLE,0.50000,1600000.00000,30.00000,3.00000,0.10000,FAIL,0,0,0.4038,FAIL,0,0,0.3833
full88,POWER_LIMITED,-,REACHABLE,0.50000,1600000.00000,120.00000,8.00000,0.10000,FAIL,0,0,0.9230,FAIL,0,0,0.4238
full96,RELAY_FAILED,-,SAFETY_LIMITED,0.70000,180000.00000,60.00000,3.00000,0.10000,FAIL,0,0,0.0393,FAIL,0,0,0.0393
full104,POWER_LIMITED,-,SAFETY_LIMITED,0.70000,180000.00000,30.00000,30.00000,0.10000,FAIL,0,0,0.7689,FAIL,0,0,0.7689
full108,POWER_LIMITED,-,SAFETY_LIMITED,0.70000,180000.00000,120.00000,3.00000,0.10000,FAIL,0,0,0.8529,FAIL,0,0,0.8941
full112,POWER_LIMITED,-,REACHABLE,0.70000,180000.00000,15.00000,8.00000,0.10000,FAIL,0,0,3.4993,PASS,0,0,0.0451
full116,POWER_LIMITED,-,SAFETY_LIMITED,0.70000,180000.00000,60.00000,30.00000,0.10000,FAIL,0,0,5.6924,FAIL,0,0,5.6924
full128,RELAY_FAILED,-,REACHABLE,0.70000,600000.00000,120.00000,30.00000,0.10000,FAIL,0,0,0.7400,FAIL,0,0,0.7311
full136,VALIDATION_FAILED,mae,REACHABLE,0.70000,600000.00000,60.00000,8.00000,0.10000,FAIL,0,0,0.5482,PASS,0,0,0.0081
full140,POWER_LIMITED,-,REACHABLE,0.70000,600000.00000,0.00000,30.00000,0.10000,FAIL,0,0,0.3537,PASS,0,0,0.0468
full144,POWER_LIMITED,-,REACHABLE,0.70000,600000.00000,30.00000,3.00000,0.10000,PASS,0,0,0.0337,PASS,0,0,0.0227
full148,POWER_LIMITED,-,REACHABLE,0.70000,600000.00000,120.00000,8.00000,0.10000,FAIL,0,0,0.0798,PASS,0,0,0.0600
full152,VALIDATION_FAILED,mae,REACHABLE,0.70000,1600000.00000,15.00000,30.00000,0.10000,PASS,0,0,0.0264,PASS,0,0,0.0137
full156,VALIDATION_FAILED,mae,REACHABLE,0.70000,1600000.00000,60.00000,3.00000,0.10000,PASS,0,0,0.0347,PASS,0,0,0.0347
full160,MODEL_INVALID,-,REACHABLE,0.70000,1600000.00000,0.00000,8.00000,0.10000,PASS,0,0,0.0440,PASS,0,0,0.0353
full164,VALIDATION_FAILED,mae,REACHABLE,0.70000,1600000.00000,30.00000,30.00000,0.10000,FAIL,0,0,0.3678,FAIL,0,0,0.1310
full168,RELAY_FAILED,-,REACHABLE,0.70000,1600000.00000,120.00000,3.00000,0.10000,FAIL,0,0,0.6762,PASS,0,0,0.0469
full172,POWER_LIMITED,-,REACHABLE,0.70000,1600000.00000,15.00000,8.00000,0.10000,PASS,0,0,0.0487,PASS,0,0,0.0359
full176,POWER_LIMITED,-,REACHABLE,0.70000,1600000.00000,60.00000,30.00000,0.10000,FAIL,0,0,0.6372,PASS,0,0,0.0836
full180,VALIDATION_FAILED,not-steady,REACHABLE,1.00000,180000.00000,0.00000,3.00000,0.10000,PASS,0,0,0.0273,PASS,0,0,0.0273
full184,VALIDATION_FAILED,p95,SAFETY_LIMITED,1.00000,180000.00000,30.00000,8.00000,0.10000,PASS,0,0,0.0283,PASS,0,0,0.0283
full188,POWER_LIMITED,-,SAFETY_LIMITED,1.00000,180000.00000,120.00000,30.00000,0.10000,FAIL,0,0,0.2767,FAIL,0,0,1.1683
full196,POWER_LIMITED,-,SAFETY_LIMITED,1.00000,180000.00000,60.00000,8.00000,0.10000,PASS,0,0,0.0593,PASS,0,0,0.0593
full200,POWER_LIMITED,-,REACHABLE,1.00000,180000.00000,0.00000,30.00000,0.10000,PASS,0,0,0.0154,PASS,0,0,0.0154
full204,POWER_LIMITED,-,REACHABLE,1.00000,180000.00000,30.00000,3.00000,0.10000,PASS,0,0,0.0201,PASS,0,0,0.0201
full208,POWER_LIMITED,-,SAFETY_LIMITED,1.00000,180000.00000,120.00000,8.00000,0.10000,FAIL,0,0,1.5228,FAIL,0,0,1.4819
full216,VALIDATION_FAILED,mae,REACHABLE,1.00000,600000.00000,60.00000,3.00000,0.10000,PASS,0,0,0.0376,PASS,0,0,0.0376
full224,VALIDATION_FAILED,mae,REACHABLE,1.00000,600000.00000,30.00000,30.00000,0.10000,FAIL,0,0,0.5102,PASS,0,0,0.0605
full228,RELAY_FAILED,-,SAFETY_LIMITED,1.00000,600000.00000,120.00000,3.00000,0.10000,PASS,0,0,0.0339,PASS,0,0,0.0391
full232,POWER_LIMITED,-,REACHABLE,1.00000,600000.00000,15.00000,8.00000,0.10000,PASS,0,0,0.0393,PASS,0,0,0.0235
full236,RELAY_FAILED,-,REACHABLE,1.00000,600000.00000,60.00000,30.00000,0.10000,FAIL,0,0,2.6260,FAIL,0,0,2.6260
full244,VALIDATION_FAILED,mae,REACHABLE,1.00000,1600000.00000,30.00000,8.00000,0.10000,PASS,0,0,0.0599,PASS,0,0,0.0586
full248,RELAY_FAILED,-,REACHABLE,1.00000,1600000.00000,120.00000,30.00000,0.10000,PASS,0,0,0.0871,PASS,0,0,0.0838
full256,VALIDATION_FAILED,mae,REACHABLE,1.00000,1600000.00000,60.00000,8.00000,0.10000,PASS,0,0,0.0402,PASS,0,0,0.0399
full260,POWER_LIMITED,-,REACHABLE,1.00000,1600000.00000,0.00000,30.00000,0.10000,FAIL,0,0,0.2463,PASS,0,0,0.0393
full264,POWER_LIMITED,-,REACHABLE,1.00000,1600000.00000,30.00000,3.00000,0.10000,PASS,0,0,0.0362,PASS,0,0,0.0400
full268,RELAY_FAILED,-,REACHABLE,1.00000,1600000.00000,120.00000,8.00000,0.10000,FAIL,0,0,0.0617,PASS,0,0,0.0447
full276,POWER_LIMITED,-,SAFETY_LIMITED,1.20000,180000.00000,60.00000,3.00000,0.10000,FAIL,0,0,0.8404,FAIL,0,0,0.0494
full284,POWER_LIMITED,-,SAFETY_LIMITED,1.20000,180000.00000,30.00000,30.00000,0.10000,PASS,0,0,0.0418,PASS,0,0,0.0418
full288,POWER_LIMITED,-,SAFETY_LIMITED,1.20000,180000.00000,120.00000,3.00000,0.10000,FAIL,0,0,0.3541,FAIL,0,0,0.2193
full292,VALIDATION_FAILED,mae,REACHABLE,1.20000,180000.00000,15.00000,8.00000,0.10000,FAIL,0,0,1.9841,FAIL,0,0,1.9841
full296,POWER_LIMITED,-,SAFETY_LIMITED,1.20000,180000.00000,60.00000,30.00000,0.10000,FAIL,0,0,3.3980,FAIL,0,0,3.3980
full308,RELAY_FAILED,-,SAFETY_LIMITED,1.20000,600000.00000,120.00000,30.00000,0.10000,FAIL,0,0,0.5529,PASS,0,0,0.0429
full316,VALIDATION_FAILED,mae,REACHABLE,1.20000,600000.00000,60.00000,8.00000,0.10000,PASS,0,0,0.0272,PASS,0,0,0.0341
full328,POWER_LIMITED,-,SAFETY_LIMITED,1.20000,600000.00000,120.00000,8.00000,0.10000,FAIL,0,0,0.9576,FAIL,0,0,0.1018
full336,VALIDATION_FAILED,mae,REACHABLE,1.20000,1600000.00000,60.00000,3.00000,0.10000,PASS,0,0,0.0679,PASS,0,0,0.0679
full344,VALIDATION_FAILED,mae,REACHABLE,1.20000,1600000.00000,30.00000,30.00000,0.10000,FAIL,0,0,0.1460,FAIL,0,0,0.2068
full348,RELAY_FAILED,-,REACHABLE,1.20000,1600000.00000,120.00000,3.00000,0.10000,PASS,0,0,0.0365,PASS,0,0,0.0370
full356,VALIDATION_FAILED,mae,REACHABLE,1.20000,1600000.00000,60.00000,30.00000,0.10000,FAIL,0,0,0.3882,PASS,0,0,0.0403
full360,VALIDATION_FAILED,not-steady,REACHABLE,1.50000,180000.00000,0.00000,3.00000,0.10000,PASS,0,0,0.0318,PASS,0,0,0.0230
full364,VALIDATION_FAILED,mae,SAFETY_LIMITED,1.50000,180000.00000,30.00000,8.00000,0.10000,PASS,0,0,0.0268,FAIL,0,0,0.9117
full368,POWER_LIMITED,-,SAFETY_LIMITED,1.50000,180000.00000,120.00000,30.00000,0.10000,FAIL,0,0,0.2849,FAIL,0,0,0.5584
full376,POWER_LIMITED,-,SAFETY_LIMITED,1.50000,180000.00000,60.00000,8.00000,0.10000,FAIL,0,0,0.5427,FAIL,0,0,0.4270
full384,POWER_LIMITED,-,SAFETY_LIMITED,1.50000,180000.00000,30.00000,3.00000,0.10000,FAIL,0,0,0.0414,FAIL,0,0,2.0807
full388,POWER_LIMITED,-,SAFETY_LIMITED,1.50000,180000.00000,120.00000,8.00000,0.10000,FAIL,0,0,1.7795,FAIL,0,0,1.0251
full396,VALIDATION_FAILED,mae,REACHABLE,1.50000,600000.00000,60.00000,3.00000,0.10000,PASS,0,0,0.0270,PASS,0,0,0.0270
full400,VALIDATION_FAILED,not-steady,REACHABLE,1.50000,600000.00000,0.00000,8.00000,0.10000,PASS,0,0,0.0276,PASS,0,0,0.0231
full408,RELAY_FAILED,-,SAFETY_LIMITED,1.50000,600000.00000,120.00000,3.00000,0.10000,PASS,0,0,0.0461,PASS,0,0,0.0441
full416,RELAY_FAILED,-,SAFETY_LIMITED,1.50000,600000.00000,60.00000,30.00000,0.10000,FAIL,0,0,2.9607,FAIL,0,0,2.9607
full428,RELAY_FAILED,-,REACHABLE,1.50000,1600000.00000,120.00000,30.00000,0.10000,FAIL,0,0,0.2303,PASS,0,0,0.0719
full436,VALIDATION_FAILED,mae,REACHABLE,1.50000,1600000.00000,60.00000,8.00000,0.10000,PASS,0,0,0.0111,PASS,0,0,0.0296
full448,RELAY_FAILED,-,REACHABLE,1.50000,1600000.00000,120.00000,8.00000,0.10000,PASS,0,0,0.0348,PASS,0,0,0.0354
full452,RELAY_FAILED,-,SAFETY_LIMITED,2.00000,180000.00000,15.00000,30.00000,0.10000,PASS,0,0,0.0356,FAIL,0,0,0.0534
full456,POWER_LIMITED,-,SAFETY_LIMITED,2.00000,180000.00000,60.00000,3.00000,0.10000,FAIL,0,0,0.5783,FAIL,0,0,1.0720
full460,VALIDATION_FAILED,not-steady,REACHABLE,2.00000,180000.00000,0.00000,8.00000,0.10000,PASS,0,0,0.0263,FAIL,0,0,0.2812
full464,POWER_LIMITED,-,SAFETY_LIMITED,2.00000,180000.00000,30.00000,30.00000,0.10000,FAIL,0,0,1.0423,FAIL,0,0,1.2315
full468,POWER_LIMITED,-,SAFETY_LIMITED,2.00000,180000.00000,120.00000,3.00000,0.10000,FAIL,1,1,0.2478,FAIL,0,0,0.3475
full472,POWER_LIMITED,-,SAFETY_LIMITED,2.00000,180000.00000,15.00000,8.00000,0.10000,FAIL,0,0,1.5111,FAIL,0,0,2.0021
full476,POWER_LIMITED,-,SAFETY_LIMITED,2.00000,180000.00000,60.00000,30.00000,0.10000,FAIL,0,0,0.2569,FAIL,0,0,1.1941
full488,RELAY_FAILED,-,SAFETY_LIMITED,2.00000,600000.00000,120.00000,30.00000,0.10000,PASS,0,0,0.0672,PASS,0,0,0.0601
full496,VALIDATION_FAILED,mae,SAFETY_LIMITED,2.00000,600000.00000,60.00000,8.00000,0.10000,PASS,0,0,0.0036,PASS,0,0,0.0036
full500,MODEL_INVALID,-,REACHABLE,2.00000,600000.00000,0.00000,30.00000,0.10000,FAIL,0,0,0.3180,PASS,0,0,0.0265
full508,POWER_LIMITED,-,SAFETY_LIMITED,2.00000,600000.00000,120.00000,8.00000,0.10000,FAIL,0,0,0.0820,FAIL,0,0,0.6063
full524,VALIDATION_FAILED,mae,REACHABLE,2.00000,1600000.00000,30.00000,30.00000,0.10000,PASS,0,0,0.0841,PASS,0,0,0.0842
full528,RELAY_FAILED,-,REACHABLE,2.00000,1600000.00000,120.00000,3.00000,0.10000,PASS,0,0,0.0116,PASS,0,0,0.0346
full536,RELAY_FAILED,-,REACHABLE,2.00000,1600000.00000,60.00000,30.00000,0.10000,PASS,0,0,0.0258,PASS,0,0,0.0258
full1,VALIDATION_FAILED,not-steady,REACHABLE,0.50000,180000.00000,0.00000,8.00000,0.10000,PASS,0,0,0.0281,PASS,0,0,0.0281
full5,VALIDATION_FAILED,mae,REACHABLE,0.50000,180000.00000,30.00000,30.00000,0.10000,FAIL,0,0,0.4089,PASS,0,0,0.0193
full9,POWER_LIMITED,-,SAFETY_LIMITED,0.50000,180000.00000,120.00000,3.00000,0.10000,FAIL,0,0,0.8620,FAIL,0,0,0.6671
full17,RELAY_FAILED,-,SAFETY_LIMITED,0.50000,180000.00000,60.00000,30.00000,0.10000,FAIL,0,0,0.1458,FAIL,0,0,0.1099
full21,POWER_LIMITED,-,REACHABLE,0.50000,180000.00000,0.00000,3.00000,0.10000,PASS,0,0,0.0426,PASS,0,0,0.0334
full25,POWER_LIMITED,-,REACHABLE,0.50000,180000.00000,30.00000,8.00000,0.10000,FAIL,0,0,2.3183,PASS,0,0,0.0336
full29,POWER_LIMITED,-,SAFETY_LIMITED,0.50000,180000.00000,120.00000,30.00000,0.10000,FAIL,0,0,1.5446,FAIL,0,0,1.0373
full37,VALIDATION_FAILED,mae,REACHABLE,0.50000,600000.00000,60.00000,8.00000,0.10000,PASS,0,0,0.0436,PASS,0,0,0.0467
full49,RELAY_FAILED,-,REACHABLE,0.50000,600000.00000,120.00000,8.00000,0.10000,FAIL,0,0,0.6978,PASS,0,0,0.0103
full53,POWER_LIMITED,-,REACHABLE,0.50000,600000.00000,15.00000,30.00000,0.10000,FAIL,0,0,0.3750,FAIL,0,0,0.1659
full57,POWER_LIMITED,-,REACHABLE,0.50000,600000.00000,60.00000,3.00000,0.10000,FAIL,0,0,0.5197,PASS,0,0,0.0472
full61,MODEL_INVALID,-,REACHABLE,0.50000,1600000.00000,0.00000,8.00000,0.10000,PASS,0,0,0.0386,PASS,0,0,0.0402
full65,RELAY_FAILED,-,REACHABLE,0.50000,1600000.00000,30.00000,30.00000,0.10000,PASS,0,0,0.0628,FAIL,0,0,0.0906
full69,RELAY_FAILED,-,REACHABLE,0.50000,1600000.00000,120.00000,3.00000,0.10000,PASS,0,0,0.0646,PASS,0,0,0.0645
full73,VALIDATION_FAILED,mae,REACHABLE,0.50000,1600000.00000,15.00000,8.00000,0.10000,FAIL,0,0,0.0817,FAIL,0,0,0.0854
full77,RELAY_FAILED,-,REACHABLE,0.50000,1600000.00000,60.00000,30.00000,0.10000,PASS,0,0,0.0723,PASS,0,0,0.0763
full81,MODEL_INVALID,-,REACHABLE,0.50000,1600000.00000,0.00000,3.00000,0.10000,PASS,0,0,0.0447,PASS,0,0,0.0419
full85,MODEL_INVALID,-,REACHABLE,0.50000,1600000.00000,30.00000,8.00000,0.10000,FAIL,0,0,0.1614,FAIL,0,0,0.1752
full89,RELAY_FAILED,-,REACHABLE,0.50000,1600000.00000,120.00000,30.00000,0.10000,FAIL,0,0,0.0394,FAIL,0,0,0.1365
full97,RELAY_FAILED,-,SAFETY_LIMITED,0.70000,180000.00000,60.00000,8.00000,0.10000,PASS,0,0,0.0318,PASS,0,0,0.0319
full109,POWER_LIMITED,-,SAFETY_LIMITED,0.70000,180000.00000,120.00000,8.00000,0.10000,FAIL,0,0,0.1121,FAIL,0,0,0.0895
full113,RELAY_FAILED,-,REACHABLE,0.70000,180000.00000,15.00000,30.00000,0.10000,FAIL,0,0,0.6614,FAIL,0,0,0.6614
full117,POWER_LIMITED,-,SAFETY_LIMITED,0.70000,180000.00000,60.00000,3.00000,0.10000,FAIL,0,0,0.0706,FAIL,0,0,0.0894
full125,VALIDATION_FAILED,mae,REACHABLE,0.70000,600000.00000,30.00000,30.00000,0.10000,PASS,0,0,0.0803,PASS,0,0,0.0744
full129,RELAY_FAILED,-,REACHABLE,0.70000,600000.00000,120.00000,3.00000,0.10000,PASS,0,0,0.0254,PASS,0,0,0.0230
full137,VALIDATION_FAILED,mae,REACHABLE,0.70000,600000.00000,60.00000,30.00000,0.10000,PASS,0,0,0.0405,PASS,0,0,0.0441
full149,RELAY_FAILED,-,REACHABLE,0.70000,600000.00000,120.00000,30.00000,0.10000,FAIL,0,0,0.9397,FAIL,0,0,0.9657
full153,MODEL_INVALID,-,REACHABLE,0.70000,1600000.00000,15.00000,3.00000,0.10000,PASS,0,0,0.0348,PASS,0,0,0.0332
full157,RELAY_FAILED,-,REACHABLE,0.70000,1600000.00000,60.00000,8.00000,0.10000,PASS,0,0,0.0617,PASS,0,0,0.0636
full169,RELAY_FAILED,-,REACHABLE,0.70000,1600000.00000,120.00000,8.00000,0.10000,PASS,0,0,0.0717,PASS,0,0,0.0768
full173,MODEL_INVALID,-,REACHABLE,0.70000,1600000.00000,15.00000,30.00000,0.10000,PASS,0,0,0.0403,FAIL,0,0,0.1306
full177,VALIDATION_FAILED,mae,REACHABLE,0.70000,1600000.00000,60.00000,3.00000,0.10000,FAIL,0,0,0.2578,FAIL,0,0,0.3055
full185,RELAY_FAILED,-,SAFETY_LIMITED,1.00000,180000.00000,30.00000,30.00000,0.10000,PASS,0,0,0.0289,PASS,0,0,0.0289
full189,POWER_LIMITED,-,SAFETY_LIMITED,1.00000,180000.00000,120.00000,3.00000,0.10000,FAIL,0,0,0.0937,FAIL,0,0,0.0830
full197,POWER_LIMITED,-,SAFETY_LIMITED,1.00000,180000.00000,60.00000,30.00000,0.10000,FAIL,0,0,0.0821,FAIL,0,0,0.0908
full205,VALIDATION_FAILED,mae,SAFETY_LIMITED,1.00000,180000.00000,30.00000,8.00000,0.10000,PASS,0,0,0.0189,PASS,0,0,0.0189
full209,POWER_LIMITED,-,SAFETY_LIMITED,1.00000,180000.00000,120.00000,30.00000,0.10000,FAIL,0,0,0.8759,FAIL,0,0,0.8401
full217,VALIDATION_FAILED,mae,REACHABLE,1.00000,600000.00000,60.00000,8.00000,0.10000,PASS,0,0,0.0217,PASS,0,0,0.0340
full229,RELAY_FAILED,-,SAFETY_LIMITED,1.00000,600000.00000,120.00000,8.00000,0.10000,PASS,0,0,0.0350,PASS,0,0,0.0038
full237,VALIDATION_FAILED,mae,REACHABLE,1.00000,600000.00000,60.00000,3.00000,0.10000,PASS,0,0,0.0369,PASS,0,0,0.0094
full245,RELAY_FAILED,-,REACHABLE,1.00000,1600000.00000,30.00000,30.00000,0.10000,PASS,0,0,0.0529,PASS,0,0,0.0547
full249,RELAY_FAILED,-,REACHABLE,1.00000,1600000.00000,120.00000,3.00000,0.10000,PASS,0,0,0.0606,PASS,0,0,0.0574
full257,RELAY_FAILED,-,REACHABLE,1.00000,1600000.00000,60.00000,30.00000,0.10000,PASS,0,0,0.0690,FAIL,0,0,0.3106
full261,MODEL_INVALID,-,REACHABLE,1.00000,1600000.00000,0.00000,3.00000,0.10000,PASS,0,0,0.0271,PASS,0,0,0.0034
full269,RELAY_FAILED,-,REACHABLE,1.00000,1600000.00000,120.00000,30.00000,0.10000,FAIL,0,0,0.6332,FAIL,0,0,0.0979
full277,POWER_LIMITED,-,SAFETY_LIMITED,1.20000,180000.00000,60.00000,8.00000,0.10000,FAIL,0,0,0.6093,FAIL,0,0,0.6104
full289,POWER_LIMITED,-,SAFETY_LIMITED,1.20000,180000.00000,120.00000,8.00000,0.10000,FAIL,0,0,0.0977,FAIL,0,0,0.1037
full293,VALIDATION_FAILED,ripple,SAFETY_LIMITED,1.20000,180000.00000,15.00000,30.00000,0.10000,PASS,0,0,0.0072,PASS,0,0,0.0072
full297,POWER_LIMITED,-,SAFETY_LIMITED,1.20000,180000.00000,60.00000,3.00000,0.10000,PASS,0,0,0.0630,PASS,0,0,0.0436
full309,RELAY_FAILED,-,SAFETY_LIMITED,1.20000,600000.00000,120.00000,3.00000,0.10000,PASS,0,0,0.0293,PASS,0,0,0.0197
full317,RELAY_FAILED,-,REACHABLE,1.20000,600000.00000,60.00000,30.00000,0.10000,FAIL,0,0,0.0336,PASS,0,0,0.0345
full329,RELAY_FAILED,-,SAFETY_LIMITED,1.20000,600000.00000,120.00000,30.00000,0.10000,FAIL,0,0,0.7504,FAIL,0,0,0.7271
full337,RELAY_FAILED,-,REACHABLE,1.20000,1600000.00000,60.00000,8.00000,0.10000,PASS,0,0,0.0575,PASS,0,0,0.0568
full349,RELAY_FAILED,-,REACHABLE,1.20000,1600000.00000,120.00000,8.00000,0.10000,PASS,0,0,0.0738,PASS,0,0,0.0714
full353,VALIDATION_FAILED,mae,REACHABLE,1.20000,1600000.00000,15.00000,30.00000,0.10000,PASS,0,0,0.0296,PASS,0,0,0.0305
full357,VALIDATION_FAILED,mae,REACHABLE,1.20000,1600000.00000,60.00000,3.00000,0.10000,PASS,0,0,0.0453,PASS,0,0,0.0437
full361,VALIDATION_FAILED,not-steady,REACHABLE,1.50000,180000.00000,0.00000,8.00000,0.10000,FAIL,0,0,0.1565,FAIL,0,0,0.1560
full365,RELAY_FAILED,-,SAFETY_LIMITED,1.50000,180000.00000,30.00000,30.00000,0.10000,FAIL,0,0,0.1633,FAIL,0,0,0.1633
full369,POWER_LIMITED,-,SAFETY_LIMITED,1.50000,180000.00000,120.00000,3.00000,0.10000,FAIL,1,0,0.3967,FAIL,0,0,0.3842
full377,POWER_LIMITED,-,SAFETY_LIMITED,1.50000,180000.00000,60.00000,30.00000,0.10000,FAIL,0,0,0.8552,FAIL,0,0,0.8495
full381,VALIDATION_FAILED,not-steady,REACHABLE,1.50000,180000.00000,0.00000,3.00000,0.10000,FAIL,0,0,0.2610,FAIL,0,0,0.2623
full385,POWER_LIMITED,-,SAFETY_LIMITED,1.50000,180000.00000,30.00000,8.00000,0.10000,FAIL,0,0,1.2730,FAIL,0,0,1.2333
full389,POWER_LIMITED,-,SAFETY_LIMITED,1.50000,180000.00000,120.00000,30.00000,0.10000,FAIL,0,0,1.1153,FAIL,0,0,1.1223
full409,RELAY_FAILED,-,SAFETY_LIMITED,1.50000,600000.00000,120.00000,8.00000,0.10000,PASS,0,0,0.0417,PASS,0,0,0.0351
full417,VALIDATION_FAILED,mae,REACHABLE,1.50000,600000.00000,60.00000,3.00000,0.10000,PASS,0,0,0.0101,PASS,0,0,0.0082
full425,RELAY_FAILED,-,REACHABLE,1.50000,1600000.00000,30.00000,30.00000,0.10000,PASS,0,0,0.0523,PASS,0,0,0.0523
full429,RELAY_FAILED,-,REACHABLE,1.50000,1600000.00000,120.00000,3.00000,0.10000,PASS,0,0,0.0557,PASS,0,0,0.0525
full437,RELAY_FAILED,-,REACHABLE,1.50000,1600000.00000,60.00000,30.00000,0.10000,PASS,0,0,0.0674,PASS,0,0,0.0546
full449,RELAY_FAILED,-,REACHABLE,1.50000,1600000.00000,120.00000,30.00000,0.10000,FAIL,0,0,0.4535,FAIL,0,0,0.0939
full457,POWER_LIMITED,-,SAFETY_LIMITED,2.00000,180000.00000,60.00000,8.00000,0.10000,FAIL,1,1,0.2821,FAIL,1,0,0.2771
full469,POWER_LIMITED,-,SAFETY_LIMITED,2.00000,180000.00000,120.00000,8.00000,0.10000,FAIL,1,1,0.6017,FAIL,0,0,0.5477
full473,POWER_LIMITED,-,SAFETY_LIMITED,2.00000,180000.00000,15.00000,30.00000,0.10000,FAIL,0,0,0.6326,FAIL,0,0,0.5764
full477,POWER_LIMITED,-,SAFETY_LIMITED,2.00000,180000.00000,60.00000,3.00000,0.10000,FAIL,1,1,0.1677,FAIL,0,0,0.1995
full489,RELAY_FAILED,-,SAFETY_LIMITED,2.00000,600000.00000,120.00000,3.00000,0.10000,PASS,0,0,0.0522,PASS,0,0,0.0519
full497,RELAY_FAILED,-,SAFETY_LIMITED,2.00000,600000.00000,60.00000,30.00000,0.10000,FAIL,0,0,0.0371,FAIL,0,0,0.0351
full509,POWER_LIMITED,-,SAFETY_LIMITED,2.00000,600000.00000,120.00000,30.00000,0.10000,FAIL,2,0,0.5206,FAIL,0,0,0.3057
full517,RELAY_FAILED,-,REACHABLE,2.00000,1600000.00000,60.00000,8.00000,0.10000,PASS,0,0,0.0545,PASS,0,0,0.0521
full529,RELAY_FAILED,-,REACHABLE,2.00000,1600000.00000,120.00000,8.00000,0.10000,PASS,0,0,0.0622,PASS,0,0,0.0595
full537,VALIDATION_FAILED,mae,REACHABLE,2.00000,1600000.00000,60.00000,3.00000,0.10000,PASS,0,0,0.0258,PASS,0,0,0.0166
full2,VALIDATION_FAILED,mae,REACHABLE,0.50000,180000.00000,15.00000,30.00000,0.01000,FAIL,0,0,0.7058,FAIL,0,0,0.7058
full6,RELAY_FAILED,-,REACHABLE,0.50000,180000.00000,60.00000,3.00000,0.01000,PASS,0,0,0.0037,PASS,0,0,0.0028
full10,POWER_LIMITED,-,REACHABLE,0.50000,180000.00000,0.00000,8.00000,0.01000,PASS,0,0,0.0027,PASS,0,0,0.0027
full14,POWER_LIMITED,-,REACHABLE,0.50000,180000.00000,30.00000,30.00000,0.01000,FAIL,0,0,0.7566,FAIL,0,0,0.7566
full18,POWER_LIMITED,-,SAFETY_LIMITED,0.50000,180000.00000,120.00000,3.00000,0.01000,FAIL,0,0,0.9172,FAIL,0,0,0.9524
full22,POWER_LIMITED,-,REACHABLE,0.50000,180000.00000,15.00000,8.00000,0.01000,FAIL,0,0,3.6346,PASS,0,0,0.0012
full26,POWER_LIMITED,-,SAFETY_LIMITED,0.50000,180000.00000,60.00000,30.00000,0.01000,FAIL,0,0,7.2936,FAIL,0,0,7.2936
full38,RELAY_FAILED,-,REACHABLE,0.50000,600000.00000,120.00000,30.00000,0.01000,FAIL,0,0,0.4383,FAIL,0,0,0.7347
full42,POWER_LIMITED,-,REACHABLE,0.50000,600000.00000,15.00000,3.00000,0.01000,PASS,0,0,0.0025,PASS,0,0,0.0023
full46,POWER_LIMITED,-,REACHABLE,0.50000,600000.00000,60.00000,8.00000,0.01000,PASS,0,0,0.0072,PASS,0,0,0.0033
full50,POWER_LIMITED,-,REACHABLE,0.50000,600000.00000,0.00000,30.00000,0.01000,FAIL,0,0,0.6656,PASS,0,0,0.0037
full54,POWER_LIMITED,-,REACHABLE,0.50000,600000.00000,30.00000,3.00000,0.01000,FAIL,0,0,0.4473,PASS,0,0,0.0011
full58,POWER_LIMITED,-,REACHABLE,0.50000,600000.00000,120.00000,8.00000,0.01000,FAIL,0,0,0.6247,FAIL,0,0,0.6339
full66,VALIDATION_FAILED,mae,REACHABLE,0.50000,1600000.00000,60.00000,3.00000,0.01000,PASS,0,0,0.0202,PASS,0,0,0.0217
full70,POWER_LIMITED,-,REACHABLE,0.50000,1600000.00000,0.00000,8.00000,0.01000,PASS,0,0,0.0135,PASS,0,0,0.0155
full74,POWER_LIMITED,-,REACHABLE,0.50000,1600000.00000,30.00000,30.00000,0.01000,FAIL,0,0,0.1541,PASS,0,0,0.0106
full78,RELAY_FAILED,-,REACHABLE,0.50000,1600000.00000,120.00000,3.00000,0.01000,PASS,0,0,0.0642,PASS,0,0,0.0167
full82,POWER_LIMITED,-,REACHABLE,0.50000,1600000.00000,15.00000,8.00000,0.01000,FAIL,0,0,0.1675,FAIL,0,0,0.0884
full86,POWER_LIMITED,-,REACHABLE,0.50000,1600000.00000,60.00000,30.00000,0.01000,FAIL,0,0,0.3468,FAIL,0,0,0.3671
full98,POWER_LIMITED,-,SAFETY_LIMITED,0.70000,180000.00000,120.00000,30.00000,0.01000,PASS,0,0,0.0330,FAIL,0,0,0.8366
full106,POWER_LIMITED,-,SAFETY_LIMITED,0.70000,180000.00000,60.00000,8.00000,0.01000,FAIL,0,0,3.3192,PASS,0,0,0.0032
full110,POWER_LIMITED,-,REACHABLE,0.70000,180000.00000,0.00000,30.00000,0.01000,FAIL,0,0,0.7055,FAIL,0,0,0.7055
full114,POWER_LIMITED,-,REACHABLE,0.70000,180000.00000,30.00000,3.00000,0.01000,FAIL,0,0,3.9771,PASS,0,0,0.0038
full118,POWER_LIMITED,-,SAFETY_LIMITED,0.70000,180000.00000,120.00000,8.00000,0.01000,FAIL,0,0,1.4809,FAIL,0,0,1.4645
full126,VALIDATION_FAILED,mae,REACHABLE,0.70000,600000.00000,60.00000,3.00000,0.01000,PASS,0,0,0.0039,PASS,0,0,0.0022
full134,VALIDATION_FAILED,mae,REACHABLE,0.70000,600000.00000,30.00000,30.00000,0.01000,FAIL,0,0,0.1611,PASS,0,0,0.0010
full138,RELAY_FAILED,-,REACHABLE,0.70000,600000.00000,120.00000,3.00000,0.01000,PASS,0,0,0.0036,PASS,0,0,0.0035
full142,POWER_LIMITED,-,REACHABLE,0.70000,600000.00000,15.00000,8.00000,0.01000,PASS,0,0,0.0037,PASS,0,0,0.0036
full146,POWER_LIMITED,-,REACHABLE,0.70000,600000.00000,60.00000,30.00000,0.01000,FAIL,0,0,0.3341,PASS,0,0,0.0085
full158,RELAY_FAILED,-,REACHABLE,0.70000,1600000.00000,120.00000,30.00000,0.01000,FAIL,0,0,0.1682,PASS,0,0,0.0121
full166,VALIDATION_FAILED,mae,REACHABLE,0.70000,1600000.00000,60.00000,8.00000,0.01000,PASS,0,0,0.0302,PASS,0,0,0.0329
full170,POWER_LIMITED,-,REACHABLE,0.70000,1600000.00000,0.00000,30.00000,0.01000,FAIL,0,0,0.1859,PASS,0,0,0.0049
full174,POWER_LIMITED,-,REACHABLE,0.70000,1600000.00000,30.00000,3.00000,0.01000,PASS,0,0,0.0064,PASS,0,0,0.0064
full178,POWER_LIMITED,-,REACHABLE,0.70000,1600000.00000,120.00000,8.00000,0.01000,FAIL,0,0,0.2419,PASS,0,0,0.0116
full186,POWER_LIMITED,-,SAFETY_LIMITED,1.00000,180000.00000,60.00000,3.00000,0.01000,FAIL,0,0,0.8207,FAIL,0,0,0.8207
full194,POWER_LIMITED,-,SAFETY_LIMITED,1.00000,180000.00000,30.00000,30.00000,0.01000,FAIL,0,0,0.1206,PASS,0,0,0.0014
full198,POWER_LIMITED,-,SAFETY_LIMITED,1.00000,180000.00000,120.00000,3.00000,0.01000,FAIL,0,0,0.9195,FAIL,0,0,0.7669
full202,POWER_LIMITED,-,REACHABLE,1.00000,180000.00000,15.00000,8.00000,0.01000,FAIL,0,0,2.2032,FAIL,0,0,2.2032
full206,POWER_LIMITED,-,SAFETY_LIMITED,1.00000,180000.00000,60.00000,30.00000,0.01000,FAIL,0,0,4.1136,FAIL,0,0,4.1136
full218,RELAY_FAILED,-,SAFETY_LIMITED,1.00000,600000.00000,120.00000,30.00000,0.01000,PASS,0,0,0.0934,FAIL,0,0,0.7160
full226,VALIDATION_FAILED,mae,REACHABLE,1.00000,600000.00000,60.00000,8.00000,0.01000,PASS,0,0,0.0010,PASS,0,0,0.0026
full230,POWER_LIMITED,-,REACHABLE,1.00000,600000.00000,0.00000,30.00000,0.01000,FAIL,0,0,0.1185,PASS,0,0,0.0033
full234,POWER_LIMITED,-,REACHABLE,1.00000,600000.00000,30.00000,3.00000,0.01000,PASS,0,0,0.0009,PASS,0,0,0.0026
full238,POWER_LIMITED,-,SAFETY_LIMITED,1.00000,600000.00000,120.00000,8.00000,0.01000,PASS,0,0,0.0163,PASS,0,0,0.0108
full254,VALIDATION_FAILED,mae,REACHABLE,1.00000,1600000.00000,30.00000,30.00000,0.01000,PASS,0,0,0.0742,PASS,0,0,0.0066
full258,RELAY_FAILED,-,REACHABLE,1.00000,1600000.00000,120.00000,3.00000,0.01000,PASS,0,0,0.0238,PASS,0,0,0.0193
full262,POWER_LIMITED,-,REACHABLE,1.00000,1600000.00000,15.00000,8.00000,0.01000,PASS,0,0,0.0043,PASS,0,0,0.0043
full266,POWER_LIMITED,-,REACHABLE,1.00000,1600000.00000,60.00000,30.00000,0.01000,FAIL,0,0,0.1625,PASS,0,0,0.0126
full278,POWER_LIMITED,-,SAFETY_LIMITED,1.20000,180000.00000,120.00000,30.00000,0.01000,FAIL,0,0,1.5824,FAIL,0,0,0.4633
full286,POWER_LIMITED,-,SAFETY_LIMITED,1.20000,180000.00000,60.00000,8.00000,0.01000,PASS,0,0,0.0187,PASS,0,0,0.0128
full294,POWER_LIMITED,-,SAFETY_LIMITED,1.20000,180000.00000,30.00000,3.00000,0.01000,PASS,0,0,0.0350,PASS,0,0,0.0328
full298,POWER_LIMITED,-,SAFETY_LIMITED,1.20000,180000.00000,120.00000,8.00000,0.01000,FAIL,0,0,1.2681,FAIL,0,0,1.3928
full314,VALIDATION_FAILED,mae,REACHABLE,1.20000,600000.00000,30.00000,30.00000,0.01000,FAIL,0,0,0.1672,PASS,0,0,0.0025
full318,RELAY_FAILED,-,SAFETY_LIMITED,1.20000,600000.00000,120.00000,3.00000,0.01000,PASS,0,0,0.0055,PASS,0,0,0.0044
full326,RELAY_FAILED,-,REACHABLE,1.20000,600000.00000,60.00000,30.00000,0.01000,FAIL,0,0,3.0335,FAIL,0,0,3.0335
full338,RELAY_FAILED,-,REACHABLE,1.20000,1600000.00000,120.00000,30.00000,0.01000,PASS,0,0,0.0036,PASS,0,0,0.0061
full358,RELAY_FAILED,-,REACHABLE,1.20000,1600000.00000,120.00000,8.00000,0.01000,PASS,0,0,0.0032,PASS,0,0,0.0058
full366,POWER_LIMITED,-,SAFETY_LIMITED,1.50000,180000.00000,60.00000,3.00000,0.01000,PASS,0,0,0.0022,PASS,0,0,0.0051
full374,POWER_LIMITED,-,SAFETY_LIMITED,1.50000,180000.00000,30.00000,30.00000,0.01000,PASS,0,0,0.0034,PASS,0,0,0.0068
full378,POWER_LIMITED,-,SAFETY_LIMITED,1.50000,180000.00000,120.00000,3.00000,0.01000,FAIL,0,0,0.2847,FAIL,0,0,0.2539
full386,POWER_LIMITED,-,SAFETY_LIMITED,1.50000,180000.00000,60.00000,30.00000,0.01000,FAIL,0,0,2.7072,FAIL,0,0,2.7072
full398,RELAY_FAILED,-,SAFETY_LIMITED,1.50000,600000.00000,120.00000,30.00000,0.01000,FAIL,0,0,0.6658,PASS,0,0,0.0122
full406,VALIDATION_FAILED,mae,REACHABLE,1.50000,600000.00000,60.00000,8.00000,0.01000,PASS,0,0,0.0011,PASS,0,0,0.0032
full418,POWER_LIMITED,-,SAFETY_LIMITED,1.50000,600000.00000,120.00000,8.00000,0.01000,FAIL,0,0,0.6232,PASS,0,0,0.0106
full438,RELAY_FAILED,-,REACHABLE,1.50000,1600000.00000,120.00000,3.00000,0.01000,PASS,0,0,0.0024,PASS,0,0,0.0037
full446,VALIDATION_FAILED,mae,REACHABLE,1.50000,1600000.00000,60.00000,30.00000,0.01000,FAIL,0,0,0.1491,PASS,0,0,0.0057
full454,POWER_LIMITED,-,SAFETY_LIMITED,2.00000,180000.00000,30.00000,8.00000,0.01000,FAIL,1,0,0.5363,FAIL,0,0,0.6866
full458,POWER_LIMITED,-,SAFETY_LIMITED,2.00000,180000.00000,120.00000,30.00000,0.01000,FAIL,1,1,1.1593,FAIL,1,1,1.1639
full466,POWER_LIMITED,-,SAFETY_LIMITED,2.00000,180000.00000,60.00000,8.00000,0.01000,FAIL,0,0,0.2319,PASS,0,0,0.0238
full470,POWER_LIMITED,-,SAFETY_LIMITED,2.00000,180000.00000,0.00000,30.00000,0.01000,PASS,0,0,0.0426,FAIL,0,0,0.2972
full474,POWER_LIMITED,-,SAFETY_LIMITED,2.00000,180000.00000,30.00000,3.00000,0.01000,FAIL,0,0,2.0983,FAIL,0,0,2.0846
full478,POWER_LIMITED,-,SAFETY_LIMITED,2.00000,180000.00000,120.00000,8.00000,0.01000,FAIL,1,1,0.6643,FAIL,0,0,0.9209
full498,POWER_LIMITED,-,SAFETY_LIMITED,2.00000,600000.00000,120.00000,3.00000,0.01000,PASS,0,0,0.0101,PASS,0,0,0.0182
full506,RELAY_FAILED,-,SAFETY_LIMITED,2.00000,600000.00000,60.00000,30.00000,0.01000,FAIL,0,0,2.2330,FAIL,0,0,2.2330
full518,RELAY_FAILED,-,REACHABLE,2.00000,1600000.00000,120.00000,30.00000,0.01000,PASS,0,0,0.0034,PASS,0,0,0.0038
full538,RELAY_FAILED,-,REACHABLE,2.00000,1600000.00000,120.00000,8.00000,0.01000,PASS,0,0,0.0029,PASS,0,0,0.0034
full7,RELAY_FAILED,-,SAFETY_LIMITED,0.50000,180000.00000,60.00000,8.00000,0.01000,PASS,0,0,0.0361,PASS,0,0,0.0024
full19,POWER_LIMITED,-,SAFETY_LIMITED,0.50000,180000.00000,120.00000,8.00000,0.01000,FAIL,0,0,0.6449,FAIL,0,0,0.9978
full23,POWER_LIMITED,-,REACHABLE,0.50000,180000.00000,15.00000,30.00000,0.01000,FAIL,0,0,0.8559,FAIL,0,0,0.8559
full27,POWER_LIMITED,-,REACHABLE,0.50000,180000.00000,60.00000,3.00000,0.01000,FAIL,0,0,0.6242,PASS,0,0,0.0003
full39,RELAY_FAILED,-,REACHABLE,0.50000,600000.00000,120.00000,3.00000,0.01000,PASS,0,0,0.0006,PASS,0,0,0.0031
full47,VALIDATION_FAILED,mae,REACHABLE,0.50000,600000.00000,60.00000,30.00000,0.01000,FAIL,0,0,0.1744,PASS,0,0,0.0116
full51,POWER_LIMITED,-,REACHABLE,0.50000,600000.00000,0.00000,3.00000,0.01000,FAIL,0,0,0.1265,PASS,0,0,0.0010
full55,POWER_LIMITED,-,REACHABLE,0.50000,600000.00000,30.00000,8.00000,0.01000,FAIL,0,0,0.1446,PASS,0,0,0.0032
full59,RELAY_FAILED,-,REACHABLE,0.50000,600000.00000,120.00000,30.00000,0.01000,FAIL,0,0,1.0166,FAIL,0,0,1.0839
full67,RELAY_FAILED,-,REACHABLE,0.50000,1600000.00000,60.00000,8.00000,0.01000,PASS,0,0,0.0133,PASS,0,0,0.0075
full79,RELAY_FAILED,-,REACHABLE,0.50000,1600000.00000,120.00000,8.00000,0.01000,PASS,0,0,0.0189,PASS,0,0,0.0084
full83,POWER_LIMITED,-,REACHABLE,0.50000,1600000.00000,15.00000,30.00000,0.01000,FAIL,0,0,0.1346,PASS,0,0,0.0023
full87,POWER_LIMITED,-,REACHABLE,0.50000,1600000.00000,60.00000,3.00000,0.01000,PASS,0,0,0.0198,PASS,0,0,0.0246
full95,VALIDATION_FAILED,mae,SAFETY_LIMITED,0.70000,180000.00000,30.00000,30.00000,0.01000,PASS,0,0,0.0007,PASS,0,0,0.0026
full99,POWER_LIMITED,-,SAFETY_LIMITED,0.70000,180000.00000,120.00000,3.00000,0.01000,PASS,0,0,0.0164,PASS,0,0,0.0085
full107,POWER_LIMITED,-,SAFETY_LIMITED,0.70000,180000.00000,60.00000,30.00000,0.01000,FAIL,0,0,0.0139,PASS,0,0,0.0264
full119,POWER_LIMITED,-,SAFETY_LIMITED,0.70000,180000.00000,120.00000,30.00000,0.01000,FAIL,0,0,1.0151,FAIL,0,0,0.7433
full139,RELAY_FAILED,-,REACHABLE,0.70000,600000.00000,120.00000,8.00000,0.01000,PASS,0,0,0.0031,PASS,0,0,0.0033
full147,VALIDATION_FAILED,mae,REACHABLE,0.70000,600000.00000,60.00000,3.00000,0.01000,PASS,0,0,0.0040,PASS,0,0,0.0029
full155,RELAY_FAILED,-,REACHABLE,0.70000,1600000.00000,30.00000,30.00000,0.01000,PASS,0,0,0.0083,PASS,0,0,0.0025
full159,RELAY_FAILED,-,REACHABLE,0.70000,1600000.00000,120.00000,3.00000,0.01000,PASS,0,0,0.0117,PASS,0,0,0.0070
full167,RELAY_FAILED,-,REACHABLE,0.70000,1600000.00000,60.00000,30.00000,0.01000,PASS,0,0,0.0479,PASS,0,0,0.0090
full179,RELAY_FAILED,-,REACHABLE,0.70000,1600000.00000,120.00000,30.00000,0.01000,FAIL,0,0,0.2047,PASS,0,0,0.0070
full187,RELAY_FAILED,-,SAFETY_LIMITED,1.00000,180000.00000,60.00000,8.00000,0.01000,PASS,0,0,0.0014,PASS,0,0,0.0015
full199,POWER_LIMITED,-,SAFETY_LIMITED,1.00000,180000.00000,120.00000,8.00000,0.01000,FAIL,0,0,0.1322,PASS,0,0,0.0629
full207,POWER_LIMITED,-,SAFETY_LIMITED,1.00000,180000.00000,60.00000,3.00000,0.01000,PASS,0,0,0.0032,PASS,0,0,0.0025
full219,RELAY_FAILED,-,SAFETY_LIMITED,1.00000,600000.00000,120.00000,3.00000,0.01000,PASS,0,0,0.0023,PASS,0,0,0.0020
full227,RELAY_FAILED,-,REACHABLE,1.00000,600000.00000,60.00000,30.00000,0.01000,PASS,0,0,0.0477,PASS,0,0,0.0229
full239,RELAY_FAILED,-,SAFETY_LIMITED,1.00000,600000.00000,120.00000,30.00000,0.01000,FAIL,0,0,0.7738,FAIL,0,0,0.7434
full247,RELAY_FAILED,-,REACHABLE,1.00000,1600000.00000,60.00000,8.00000,0.01000,PASS,0,0,0.0020,PASS,0,0,0.0025
full259,RELAY_FAILED,-,REACHABLE,1.00000,1600000.00000,120.00000,8.00000,0.01000,PASS,0,0,0.0051,PASS,0,0,0.0061
full279,POWER_LIMITED,-,SAFETY_LIMITED,1.20000,180000.00000,120.00000,3.00000,0.01000,FAIL,0,0,0.5017,FAIL,0,0,0.4624
full287,POWER_LIMITED,-,SAFETY_LIMITED,1.20000,180000.00000,60.00000,30.00000,0.01000,FAIL,0,0,1.1548,FAIL,0,0,1.1461
full299,POWER_LIMITED,-,SAFETY_LIMITED,1.20000,180000.00000,120.00000,30.00000,0.01000,FAIL,0,0,1.0666,FAIL,0,0,0.7530
full319,RELAY_FAILED,-,SAFETY_LIMITED,1.20000,600000.00000,120.00000,8.00000,0.01000,PASS,0,0,0.0035,PASS,0,0,0.0034
full327,VALIDATION_FAILED,mae,REACHABLE,1.20000,600000.00000,60.00000,3.00000,0.01000,PASS,0,0,0.0023,PASS,0,0,0.0019
full335,RELAY_FAILED,-,REACHABLE,1.20000,1600000.00000,30.00000,30.00000,0.01000,PASS,0,0,0.0039,PASS,0,0,0.0020
full339,RELAY_FAILED,-,REACHABLE,1.20000,1600000.00000,120.00000,3.00000,0.01000,PASS,0,0,0.0043,PASS,0,0,0.0053
full347,RELAY_FAILED,-,REACHABLE,1.20000,1600000.00000,60.00000,30.00000,0.01000,PASS,0,0,0.0103,PASS,0,0,0.0046
full359,RELAY_FAILED,-,REACHABLE,1.20000,1600000.00000,120.00000,30.00000,0.01000,FAIL,0,0,0.2284,PASS,0,0,0.0063
full367,POWER_LIMITED,-,SAFETY_LIMITED,1.50000,180000.00000,60.00000,8.00000,0.01000,FAIL,0,0,0.4268,FAIL,0,0,0.4281
full379,POWER_LIMITED,-,SAFETY_LIMITED,1.50000,180000.00000,120.00000,8.00000,0.01000,FAIL,0,0,1.0914,FAIL,0,0,1.2254
full383,RELAY_FAILED,-,SAFETY_LIMITED,1.50000,180000.00000,15.00000,30.00000,0.01000,PASS,0,0,0.0267,PASS,0,0,0.0267
full387,POWER_LIMITED,-,SAFETY_LIMITED,1.50000,180000.00000,60.00000,3.00000,0.01000,PASS,0,0,0.0106,PASS,0,0,0.0050
full399,RELAY_FAILED,-,SAFETY_LIMITED,1.50000,600000.00000,120.00000,3.00000,0.01000,PASS,0,0,0.0049,PASS,0,0,0.0041
full407,RELAY_FAILED,-,SAFETY_LIMITED,1.50000,600000.00000,60.00000,30.00000,0.01000,FAIL,0,0,0.0064,FAIL,0,0,0.0264
full419,RELAY_FAILED,-,SAFETY_LIMITED,1.50000,600000.00000,120.00000,30.00000,0.01000,FAIL,0,0,0.6842,FAIL,0,0,0.0768
full427,RELAY_FAILED,-,REACHABLE,1.50000,1600000.00000,60.00000,8.00000,0.01000,PASS,0,0,0.0041,PASS,0,0,0.0020
full439,RELAY_FAILED,-,REACHABLE,1.50000,1600000.00000,120.00000,8.00000,0.01000,PASS,0,0,0.0023,PASS,0,0,0.0033
full455,POWER_LIMITED,-,SAFETY_LIMITED,2.00000,180000.00000,30.00000,30.00000,0.01000,FAIL,1,0,0.2523,FAIL,1,0,0.2523
full459,POWER_LIMITED,-,SAFETY_LIMITED,2.00000,180000.00000,120.00000,3.00000,0.01000,FAIL,1,1,0.3890,FAIL,0,0,0.3883
full467,POWER_LIMITED,-,SAFETY_LIMITED,2.00000,180000.00000,60.00000,30.00000,0.01000,FAIL,1,1,0.3768,FAIL,1,0,0.3849
full475,POWER_LIMITED,-,SAFETY_LIMITED,2.00000,180000.00000,30.00000,8.00000,0.01000,FAIL,0,0,0.6318,FAIL,0,0,0.9467
full479,POWER_LIMITED,-,SAFETY_LIMITED,2.00000,180000.00000,120.00000,30.00000,0.01000,FAIL,1,1,1.4658,FAIL,1,1,1.4809
full499,RELAY_FAILED,-,SAFETY_LIMITED,2.00000,600000.00000,120.00000,8.00000,0.01000,PASS,0,0,0.0126,PASS,0,0,0.0091
full507,VALIDATION_FAILED,mae,SAFETY_LIMITED,2.00000,600000.00000,60.00000,3.00000,0.01000,PASS,0,0,0.0026,PASS,0,0,0.0027
full515,RELAY_FAILED,-,REACHABLE,2.00000,1600000.00000,30.00000,30.00000,0.01000,PASS,0,0,0.0009,PASS,0,0,0.0022
full519,RELAY_FAILED,-,REACHABLE,2.00000,1600000.00000,120.00000,3.00000,0.01000,PASS,0,0,0.0015,PASS,0,0,0.0028
full527,RELAY_FAILED,-,REACHABLE,2.00000,1600000.00000,60.00000,30.00000,0.01000,PASS,0,0,0.0047,PASS,0,0,0.0052
full539,RELAY_FAILED,-,REACHABLE,2.00000,1600000.00000,120.00000,30.00000,0.01000,FAIL,0,0,0.2426,PASS,0,0,0.0152
